2025,2025,2025,2025,2025,2025,2025,2025,2025,2025,2025,2025,2025,2025,2025,2025,2025,2025,2025,2025,2025,2025,2025,2025,2025,2025,2025,2025,2025,2025,2025,2025,2025,2025,2025,2025,8,9,-1,-1,-1,-1,-1,2044,2045,2046,2047,-1,-1,-1,-1,8,9,2025,2025,2025,2025,2025,2025,2025,2025,2025,2025,2025,2025,2025,2025,2025,2025,2025,2025,2025,2025,2025,2025,2025,2025,-1,1236,1237,1237,1237,1237,1237,1237,1237,1237,1237,1237,1237,1238,2025,2025,2025,2025,2025,2025,2025,2025,2025
2025,2025,2025,2025,2025,-1,-1,-1,-1,-1,-1,-1,-1,-1,-1,-1,-1,-1,-1,-1,-1,-1,-1,-1,-1,-1,12,13,-1,-1,-1,-1,-1,2025,2025,2025,24,25,-1,-1,-1,-1,-1,2052,2053,2054,2055,-1,-1,-1,-1,24,25,2025,2025,2025,2025,-1,-1,-1,-1,-1,-1,-1,-1,-1,-1,-1,-1,-1,-1,2025,2025,2025,2025,2025,2025,-1,1244,1245,1245,1247,1247,1245,1245,1245,1245,1245,1245,1245,1246,2025,2025,2025,2025,2025,2025,2025,2025,2025
2025,2025,2025,2025,2025,-1,-1,-1,-1,-1,-1,-1,-1,-1,-1,-1,-1,-1,-1,-1,-1,-1,-1,-1,-1,-1,20,21,-1,-1,-1,-1,-1,2025,2025,2025,24,25,-1,-1,-1,-1,-1,2060,2061,2062,2063,-1,-1,-1,-1,24,25,2025,2025,2025,-1,-1,-1,-1,-1,-1,-1,48,-1,48,48,48,48,48,-1,-1,2025,2025,2025,2025,2025,2025,1252,1252,1252,-1,-1,1254,1254,1254,1254,1254,1254,1254,1254,-1,2025,2025,2025,2025,-1,-1,2025,2025
2025,2025,2025,2025,2025,-1,-1,-1,-1,-1,-1,-1,-1,-1,-1,-1,-1,-1,-1,-1,-1,-1,-1,-1,-1,-1,-1,-1,-1,-1,-1,-1,-1,2025,2025,2025,24,25,-1,-1,-1,-1,-1,2068,2069,2070,2071,-1,-1,-1,-1,24,25,2025,2025,2025,-1,-1,-1,-1,48,-1,48,48,48,48,48,48,48,48,-1,-1,2025,2025,2025,2025,2025,-1,-1,-1,-1,-1,-1,-1,-1,-1,-1,-1,-1,-1,-1,-1,-1,-1,-1,-1,-1,-1,2025,2025
2025,2025,2025,2025,-1,-1,-1,-1,-1,-1,-1,-1,-1,-1,-1,-1,-1,-1,-1,-1,-1,-1,-1,-1,-1,-1,60,-1,334,-1,-1,-1,-1,2025,2025,2025,24,25,-1,-1,-1,-1,-1,-1,-1,-1,-1,-1,-1,-1,-1,24,25,2025,2025,2025,-1,-1,-1,48,48,-1,48,48,48,48,48,48,48,48,-1,-1,2025,2025,2025,2025,-1,-1,-1,-1,-1,-1,-1,-1,-1,-1,-1,-1,-1,-1,-1,-1,-1,-1,-1,1328,1329,-1,-1,2025
2025,2025,2025,2025,-1,-1,-1,-1,-1,-1,-1,-1,-1,-1,-1,-1,-1,-1,-1,-1,-1,-1,-1,-1,-1,12,13,-1,-1,-1,12,13,-1,2025,2025,2025,24,25,-1,-1,-1,-1,-1,-1,-1,-1,-1,-1,-1,-1,-1,24,25,2025,2025,2025,-1,-1,48,48,48,48,48,48,48,48,48,48,48,48,-1,-1,2025,2025,2025,2025,-1,-1,-1,-1,-1,-1,-1,-1,-1,-1,-1,-1,-1,-1,-1,-1,-1,-1,-1,1336,1337,-1,-1,2025
2025,2025,2025,2025,-1,-1,-1,-1,-1,-1,-1,-1,-1,-1,-1,-1,60,-1,-1,-1,-1,-1,-1,-1,-1,20,21,-1,-1,-1,20,21,-1,2025,2025,2025,16,17,-1,-1,-1,-1,-1,-1,-1,-1,-1,335,-1,-1,-1,16,17,2025,2025,2025,-1,-1,48,48,48,48,48,48,48,48,48,48,48,48,-1,-1,2025,2025,2025,-1,-1,-1,-1,-1,-1,-1,-1,-1,-1,-1,-1,-1,-1,-1,-1,-1,-1,-1,-1,-1,-1,-1,-1,2025
2025,2025,2025,2025,-1,-1,-1,-1,-1,-1,-1,-1,-1,-1,-1,-1,-1,-1,-1,-1,-1,-1,-1,-1,-1,-1,-1,-1,-1,-1,-1,-1,-1,2025,2025,2025,88,89,89,89,89,89,89,89,89,89,89,89,89,89,89,89,90,2025,2025,2025,-1,-1,-1,48,48,-1,48,48,48,48,48,-1,-1,-1,-1,-1,2025,2025,2025,-1,-1,-1,-1,-1,-1,-1,-1,-1,-1,-1,-1,-1,-1,-1,-1,-1,-1,-1,-1,-1,-1,-1,-1,2025
2025,2025,2025,2025,-1,-1,-1,-1,-1,-1,-1,-1,-1,-1,-1,-1,-1,-1,-1,-1,-1,-1,-1,-1,-1,-1,-1,-1,-1,-1,-1,-1,-1,2025,2025,2025,96,97,97,97,97,97,97,97,97,97,97,97,97,97,97,97,98,2025,2025,2025,-1,-1,-1,48,48,48,48,48,48,48,48,48,-1,-1,-1,-1,2025,2025,2025,-1,-1,1328,1329,-1,-1,-1,-1,-1,-1,-1,-1,-1,-1,-1,-1,-1,-1,-1,-1,-1,-1,-1,-1,2025
2025,2025,2025,2025,-1,-1,-1,-1,-1,-1,-1,-1,-1,-1,-1,-1,-1,-1,-1,-1,-1,-1,-1,-1,-1,-1,-1,-1,-1,-1,-1,-1,-1,2025,2025,2025,96,97,97,97,97,97,97,97,97,97,97,97,97,97,97,97,98,2025,2025,2025,-1,-1,-1,-1,-1,-1,-1,-1,-1,-1,-1,-1,-1,-1,-1,-1,2025,2025,2025,-1,-1,1336,1337,-1,-1,-1,-1,-1,-1,-1,-1,-1,-1,-1,-1,-1,-1,-1,-1,-1,-1,-1,-1,2025
2025,2025,2025,-1,-1,-1,-1,-1,-1,45,-1,-1,-1,-1,-1,-1,-1,-1,-1,-1,-1,60,-1,-1,-1,-1,-1,-1,-1,-1,-1,-1,-1,2025,2025,2025,96,97,97,97,97,97,97,97,97,97,97,97,97,97,97,97,98,2025,2025,2025,-1,-1,-1,-1,-1,-1,-1,-1,-1,-1,-1,-1,-1,-1,-1,-1,2025,2025,2025,-1,-1,-1,-1,-1,-1,-1,-1,-1,-1,-1,-1,-1,-1,-1,-1,-1,-1,-1,1328,1329,-1,-1,-1,2025
2025,2025,-1,-1,-1,12,13,-1,-1,-1,-1,-1,-1,-1,-1,-1,-1,-1,-1,-1,-1,-1,-1,-1,-1,-1,-1,-1,-1,-1,-1,-1,-1,2025,2025,2025,104,105,105,105,105,105,105,105,105,105,105,105,105,105,105,105,106,2025,2025,2025,-1,-1,-1,-1,-1,-1,-1,-1,-1,-1,-1,-1,-1,-1,-1,-1,2025,2025,2025,-1,-1,-1,-1,-1,-1,-1,-1,-1,-1,-1,-1,-1,-1,-1,-1,-1,-1,-1,1336,1337,-1,-1,-1,2025
2025,2025,-1,-1,-1,20,21,-1,-1,-1,-1,-1,-1,-1,-1,-1,-1,-1,-1,-1,-1,-1,-1,-1,-1,-1,-1,-1,-1,-1,-1,-1,-1,2025,2025,2025,2025,2025,2025,2025,2025,2025,2025,2025,2025,2025,2025,2025,2025,2025,2025,2025,2025,2025,2025,2025,-1,-1,-1,-1,-1,-1,-1,-1,-1,-1,-1,-1,-1,-1,-1,-1,2025,2025,2025,-1,-1,-1,-1,-1,-1,-1,-1,-1,-1,-1,-1,-1,-1,-1,-1,-1,-1,-1,-1,-1,-1,-1,-1,2025
2025,2025,-1,-1,-1,-1,-1,-1,-1,-1,-1,12,13,-1,-1,-1,-1,12,13,-1,-1,-1,-1,-1,12,13,-1,-1,-1,-1,-1,12,13,2025,2025,2025,2025,2025,2025,2025,2025,2025,2025,2025,2025,2025,2025,2025,2025,2025,2025,2025,2025,2025,2025,2025,-1,-1,-1,-1,-1,-1,48,-1,48,48,-1,-1,-1,-1,-1,-1,2025,2025,2025,-1,-1,-1,-1,-1,-1,-1,-1,-1,-1,-1,-1,-1,-1,-1,-1,-1,-1,-1,-1,-1,-1,-1,-1,2025
2025,2025,-1,-1,46,47,-1,-1,-1,-1,-1,20,21,-1,-1,-1,-1,20,21,-1,-1,-1,-1,-1,20,21,-1,-1,-1,-1,-1,20,21,-1,-1,-1,-1,-1,-1,-1,-1,-1,-1,-1,-1,-1,-1,-1,-1,-1,-1,-1,-1,-1,-1,-1,-1,-1,-1,-1,-1,-1,-1,48,48,48,48,-1,-1,-1,-1,-1,-1,-1,-1,-1,-1,-1,-1,-1,-1,-1,-1,-1,-1,-1,-1,1328,1329,-1,-1,-1,-1,-1,-1,-1,-1,-1,-1,2025
2025,2025,-1,-1,56,56,-1,-1,-1,-1,-1,-1,-1,-1,-1,-1,-1,-1,-1,-1,-1,-1,-1,-1,-1,-1,-1,-1,-1,-1,-1,-1,-1,-1,-1,-1,-1,-1,-1,-1,-1,-1,-1,-1,-1,-1,-1,-1,-1,-1,-1,-1,-1,-1,-1,-1,-1,-1,-1,-1,-1,48,48,48,48,48,48,-1,-1,-1,-1,-1,-1,-1,-1,-1,-1,-1,-1,-1,-1,-1,-1,-1,-1,-1,-1,1336,1337,-1,-1,-1,-1,-1,-1,-1,-1,-1,-1,2025
2025,2025,-1,-1,-1,-1,-1,-1,45,-1,-1,-1,-1,-1,-1,-1,-1,-1,-1,-1,-1,-1,-1,-1,-1,-1,-1,-1,-1,-1,-1,-1,-1,-1,-1,-1,48,-1,-1,-1,-1,-1,-1,-1,-1,-1,-1,-1,-1,-1,-1,-1,-1,-1,-1,-1,-1,-1,-1,-1,-1,48,48,48,48,48,48,48,-1,-1,-1,-1,-1,-1,-1,-1,-1,-1,-1,-1,-1,-1,-1,-1,-1,-1,-1,-1,-1,-1,-1,-1,-1,-1,-1,-1,-1,-1,-1,2025
2025,2025,-1,-1,-1,-1,-1,-1,-1,-1,-1,-1,-1,-1,-1,-1,-1,-1,-1,-1,-1,-1,-1,-1,-1,-1,-1,-1,-1,-1,-1,-1,-1,-1,-1,-1,48,48,48,48,48,48,-1,-1,-1,-1,-1,-1,-1,-1,-1,-1,48,48,48,-1,-1,-1,-1,-1,-1,-1,48,48,48,48,48,48,-1,-1,-1,-1,1528,1529,1530,-1,-1,-1,-1,-1,-1,-1,-1,-1,-1,-1,-1,-1,-1,-1,-1,-1,-1,-1,1328,1329,-1,-1,-1,2025
2025,2025,-1,2025,-1,-1,-1,-1,-1,-1,-1,-1,-1,-1,-1,-1,-1,-1,-1,-1,-1,-1,-1,-1,-1,-1,-1,-1,-1,-1,-1,-1,-1,-1,-1,48,48,48,48,48,48,48,-1,-1,-1,-1,-1,-1,-1,48,48,48,48,48,48,48,-1,-1,-1,-1,-1,-1,48,48,48,48,48,-1,-1,-1,-1,-1,2025,2025,2025,-1,-1,-1,-1,-1,-1,1328,1329,-1,-1,-1,-1,-1,-1,-1,-1,-1,-1,-1,1336,1337,-1,-1,-1,2025
2025,2025,2025,2025,-1,12,13,-1,56,-1,-1,-1,-1,-1,-1,-1,-1,12,13,-1,-1,-1,-1,-1,12,13,-1,-1,-1,-1,-1,12,13,-1,-1,48,48,48,48,48,48,48,48,-1,-1,-1,-1,-1,-1,-1,48,48,48,48,48,48,48,-1,-1,-1,-1,-1,-1,-1,-1,-1,-1,-1,-1,-1,-1,-1,2025,2025,2025,-1,-1,-1,-1,-1,-1,1336,1337,-1,-1,-1,-1,-1,-1,-1,-1,-1,-1,-1,-1,-1,-1,-1,-1,2025
2025,2025,2025,2025,-1,20,21,-1,56,56,-1,-1,-1,-1,-1,-1,-1,20,21,-1,-1,-1,-1,-1,20,21,-1,-1,-1,-1,-1,20,21,-1,-1,-1,48,48,48,48,48,48,48,-1,-1,-1,-1,-1,-1,-1,48,48,48,48,48,48,48,48,-1,-1,-1,-1,-1,-1,-1,-1,-1,-1,-1,-1,-1,-1,2025,2025,2025,2025,-1,-1,-1,-1,-1,-1,-1,-1,-1,-1,-1,-1,-1,-1,-1,-1,-1,-1,-1,-1,-1,-1,-1,2025
2025,2025,2025,2025,-1,-1,-1,-1,-1,-1,-1,-1,-1,-1,-1,-1,-1,-1,-1,-1,-1,-1,-1,-1,-1,-1,-1,-1,-1,-1,-1,-1,-1,-1,-1,48,-1,-1,48,48,48,48,48,-1,-1,-1,-1,-1,-1,-1,-1,48,48,48,48,48,48,48,-1,-1,-1,-1,-1,-1,-1,-1,-1,-1,-1,-1,-1,-1,2025,2025,2025,2025,-1,-1,-1,-1,-1,-1,-1,-1,-1,-1,-1,-1,-1,-1,-1,-1,-1,-1,-1,-1,-1,-1,-1,2025
2025,2025,2025,2025,-1,-1,-1,-1,-1,-1,-1,-1,-1,-1,-1,-1,-1,-1,-1,-1,-1,-1,-1,-1,-1,-1,-1,-1,-1,-1,-1,-1,-1,-1,-1,-1,-1,48,-1,48,48,-1,-1,-1,-1,-1,-1,-1,-1,-1,-1,-1,-1,-1,-1,-1,-1,-1,-1,48,48,48,48,-1,-1,-1,-1,-1,48,48,-1,-1,2025,2025,2025,2025,2025,-1,-1,-1,-1,-1,-1,-1,-1,-1,-1,-1,1328,1329,-1,-1,-1,-1,-1,-1,-1,-1,-1,2025
2025,2025,2025,2025,-1,-1,-1,-1,-1,-1,-1,-1,-1,-1,-1,-1,-1,-1,-1,-1,-1,-1,-1,-1,-1,-1,-1,-1,-1,-1,-1,-1,-1,-1,-1,-1,-1,-1,-1,-1,-1,-1,-1,-1,-1,-1,-1,-1,-1,-1,-1,-1,-1,-1,-1,-1,-1,-1,-1,48,48,48,48,-1,-1,-1,-1,-1,48,48,48,2025,2025,2025,2025,2025,2025,2025,-1,-1,-1,-1,-1,-1,-1,-1,-1,-1,1336,1337,-1,-1,-1,-1,-1,-1,-1,-1,-1,2025
2025,2025,2025,2025,-1,-1,-1,-1,-1,-1,-1,-1,-1,-1,-1,-1,-1,-1,-1,-1,-1,-1,-1,-1,-1,-1,-1,-1,-1,-1,-1,-1,-1,-1,-1,-1,-1,-1,-1,267,268,268,268,269,-1,-1,-1,-1,-1,-1,-1,-1,-1,-1,-1,-1,-1,-1,-1,-1,48,48,48,267,268,268,268,269,48,48,48,2025,2025,2025,2025,2025,2025,2025,2025,-1,-1,-1,-1,-1,-1,-1,-1,-1,-1,-1,-1,-1,-1,-1,-1,-1,-1,-1,-1,2025
2025,2025,2025,2025,-1,8,9,8,9,8,9,8,9,8,9,8,9,8,9,8,9,8,9,8,9,8,9,8,9,8,9,8,9,2025,2025,2025,2025,2025,2025,275,276,276,276,277,2025,2025,2025,2025,2025,2025,2025,2025,2025,2025,2025,2025,2025,2025,2025,2025,2025,2025,2025,275,276,276,276,277,2025,2025,2025,2025,2025,2025,2025,2025,2025,2025,2025,2025,-1,-1,-1,-1,-1,-1,-1,-1,-1,-1,-1,-1,-1,-1,-1,-1,-1,-1,2025,2025
2025,2025,2025,-1,-1,24,25,24,25,24,25,24,25,24,25,24,25,24,25,24,25,24,25,24,25,24,25,24,25,24,25,24,25,2025,2025,2025,2025,2025,2025,275,276,276,276,277,2025,2025,2025,2025,2025,2025,2025,2025,2025,2025,2025,2025,2025,2025,2025,2025,2025,2025,2025,275,276,276,276,277,2025,2025,2025,2025,2025,2025,2025,2025,2025,2025,2025,2025,2025,2025,2025,2025,-1,-1,-1,-1,-1,-1,-1,-1,-1,-1,-1,-1,-1,2025,2025,2025
2025,2025,-1,-1,-1,24,25,24,25,24,25,24,25,24,25,24,25,24,25,24,25,24,25,24,25,24,25,24,25,24,25,24,25,2025,2025,2025,2025,2025,2025,275,276,276,276,277,2025,2025,2025,2025,2025,2025,2025,2025,2025,2025,2025,2025,2025,2025,2025,2025,2025,2025,2025,275,276,276,276,277,2025,2025,2025,2025,2025,2025,2025,2025,2025,2025,2025,2025,2025,2025,2025,2025,2025,2025,2025,-1,-1,-1,-1,-1,-1,-1,-1,-1,2025,2025,2025,2025
2025,2025,2025,-1,-1,24,25,24,25,24,25,24,25,24,25,24,25,24,25,24,25,24,25,24,25,24,25,24,25,24,25,24,25,2025,2025,2025,2025,2025,2025,275,276,276,276,277,2025,2025,2025,2025,2025,2025,2025,2025,2025,2025,2025,2025,2025,2025,2025,2025,2025,2025,2025,275,276,276,276,277,2025,2025,2025,2025,2025,2025,2025,2025,2025,2025,2025,2025,2025,2025,2025,2025,2025,2025,2025,2025,2025,2025,2025,2025,2025,2025,2025,2025,2025,2025,2025,2025
2025,2025,2025,2025,2025,24,25,24,25,24,25,24,25,24,25,24,25,24,25,24,25,24,25,24,25,24,25,24,25,24,25,24,25,2025,2025,2025,2025,2025,2025,275,276,276,276,277,2025,2025,2025,2025,2025,2025,2025,2025,2025,2025,2025,2025,2025,2025,2025,2025,2025,2025,2025,275,276,276,276,277,2025,2025,2025,2025,2025,2025,2025,2025,2025,2025,2025,2025,2025,2025,-1,-1,-1,-1,-1,-1,-1,-1,-1,-1,2025,2025,2025,2025,2025,2025,2025,2025
2025,2025,2025,2025,2025,16,17,16,17,16,17,16,17,16,17,16,17,16,17,16,17,16,17,16,17,16,17,16,17,16,17,16,17,-1,-1,-1,-1,-1,-1,283,284,284,284,285,-1,-1,-1,-1,-1,-1,-1,-1,-1,-1,-1,-1,-1,2025,2025,2025,2025,-1,-1,283,284,284,284,285,-1,-1,-1,2025,2025,2025,-1,-1,-1,-1,-1,-1,-1,-1,-1,-1,-1,-1,-1,-1,-1,-1,-1,-1,-1,2025,2025,2025,2025,2025,2025,2025
2025,2025,2025,-1,-1,-1,-1,-1,-1,-1,-1,-1,-1,-1,-1,-1,-1,-1,-1,-1,-1,-1,-1,-1,-1,-1,-1,-1,-1,-1,-1,-1,-1,-1,-1,-1,-1,-1,-1,-1,-1,-1,-1,-1,-1,-1,-1,-1,-1,-1,-1,-1,-1,-1,-1,-1,-1,2025,2025,2025,-1,-1,-1,-1,-1,-1,-1,-1,-1,-1,-1,-1,-1,-1,-1,-1,-1,-1,-1,-1,14,15,-1,-1,-1,14,15,-1,-1,-1,-1,-1,-1,-1,2025,2025,2025,2025,2025,2025
2025,2025,2025,-1,-1,-1,-1,-1,178,184,184,184,179,-1,-1,-1,-1,-1,-1,-1,-1,-1,-1,-1,-1,-1,-1,-1,-1,-1,-1,-1,-1,-1,-1,52,-1,-1,-1,-1,-1,-1,-1,-1,-1,-1,-1,-1,-1,-1,-1,-1,52,52,52,52,-1,2025,2025,2025,-1,-1,-1,-1,-1,-1,-1,-1,-1,-1,-1,-1,-1,-1,-1,14,15,-1,-1,-1,22,23,-1,-1,-1,22,23,-1,-1,-1,-1,-1,-1,2072,2073,2074,2075,-1,-1,2025
2025,2025,2025,-1,-1,-1,-1,-1,176,2034,2035,2035,176,-1,-1,-1,-1,-1,-1,-1,-1,-1,-1,-1,-1,-1,-1,-1,-1,-1,-1,-1,-1,-1,-1,-1,-1,-1,-1,-1,-1,-1,-1,-1,-1,-1,-1,-1,-1,-1,-1,-1,52,52,52,52,-1,2025,2025,2025,-1,14,15,-1,-1,-1,-1,14,15,-1,-1,-1,-1,-1,-1,22,23,-1,-1,-1,-1,-1,-1,-1,-1,-1,-1,-1,-1,-1,-1,-1,-1,2080,2081,2082,2083,-1,-1,2025
2025,2025,2025,-1,-1,-1,-1,-1,186,-1,-1,-1,187,-1,-1,-1,-1,-1,-1,-1,-1,52,-1,-1,-1,-1,-1,-1,52,-1,-1,-1,-1,-1,-1,-1,-1,52,-1,-1,-1,-1,-1,-1,-1,-1,210,216,216,211,-1,-1,52,52,52,52,-1,2025,2025,-1,-1,22,23,-1,-1,-1,-1,22,23,-1,-1,-1,-1,-1,-1,-1,-1,-1,-1,-1,-1,-1,-1,-1,-1,-1,-1,-1,-1,-1,-1,-1,827,2088,2089,2090,2091,827,-1,2025
2025,2025,2025,-1,-1,-1,-1,-1,-1,-1,-1,-1,-1,-1,-1,-1,-1,-1,-1,-1,-1,-1,-1,-1,-1,-1,-1,-1,-1,-1,-1,-1,-1,-1,-1,-1,-1,-1,-1,-1,-1,-1,-1,-1,-1,-1,208,2032,2033,208,-1,-1,-1,-1,-1,-1,-1,2025,2025,-1,-1,-1,-1,-1,-1,-1,-1,-1,-1,-1,-1,14,15,-1,-1,-1,-1,14,15,-1,-1,-1,14,15,-1,-1,-1,-1,-1,-1,-1,-1,835,-1,-1,-1,-1,835,-1,2025
2025,2025,2025,2025,2025,-1,-1,-1,-1,-1,-1,-1,-1,-1,-1,-1,-1,-1,-1,-1,-1,-1,-1,-1,-1,52,-1,-1,-1,-1,-1,-1,-1,-1,-1,-1,-1,-1,-1,-1,-1,-1,-1,-1,-1,-1,218,-1,-1,219,-1,-1,-1,-1,-1,-1,-1,2025,2025,-1,-1,-1,-1,-1,-1,-1,-1,-1,-1,-1,-1,22,23,-1,-1,-1,-1,22,23,-1,-1,-1,22,23,-1,-1,-1,14,15,-1,-1,-1,432,339,340,340,341,434,-1,2025
2025,2025,2025,2025,2025,2025,-1,-1,-1,-1,52,-1,-1,-1,-1,-1,-1,-1,-1,-1,-1,-1,-1,-1,-1,-1,-1,-1,-1,-1,-1,-1,-1,52,-1,-1,-1,-1,-1,-1,-1,-1,52,-1,-1,-1,-1,-1,-1,-1,-1,-1,-1,-1,-1,-1,-1,2025,2025,-1,-1,-1,-1,-1,-1,-1,-1,-1,-1,-1,-1,-1,-1,-1,-1,-1,-1,-1,-1,-1,-1,-1,-1,-1,-1,-1,-1,22,23,-1,-1,-1,432,339,340,340,341,434,-1,2025
2025,2025,2025,2025,2025,-1,-1,-1,-1,-1,-1,-1,52,-1,-1,-1,-1,-1,-1,-1,-1,-1,-1,52,-1,-1,-1,-1,-1,-1,-1,-1,-1,-1,-1,-1,-1,-1,-1,-1,-1,-1,-1,-1,-1,-1,-1,-1,-1,-1,-1,-1,-1,-1,-1,-1,-1,2025,2025,2025,-1,-1,-1,-1,-1,-1,-1,-1,-1,-1,-1,-1,-1,-1,-1,-1,-1,-1,-1,-1,-1,-1,-1,-1,-1,-1,-1,-1,-1,-1,-1,-1,432,339,340,340,341,434,-1,2025
2025,2025,2025,2025,2025,-1,-1,-1,-1,-1,-1,-1,-1,-1,-1,52,-1,-1,-1,-1,-1,-1,-1,-1,-1,-1,-1,-1,-1,-1,-1,-1,-1,-1,-1,-1,-1,-1,-1,-1,-1,-1,-1,-1,-1,-1,-1,-1,-1,-1,-1,-1,-1,-1,-1,-1,-1,2025,2025,2025,-1,-1,14,15,-1,-1,-1,-1,-1,-1,14,15,-1,-1,-1,-1,-1,14,15,-1,-1,-1,-1,-1,-1,-1,-1,-1,-1,-1,-1,-1,440,347,348,348,349,442,-1,2025
2025,2025,2025,-1,-1,-1,-1,-1,52,-1,52,52,-1,-1,-1,-1,-1,-1,-1,-1,-1,-1,-1,-1,-1,-1,-1,-1,-1,-1,-1,-1,-1,-1,-1,-1,-1,-1,-1,-1,-1,-1,-1,-1,-1,-1,-1,-1,-1,-1,-1,-1,-1,-1,-1,-1,-1,2025,2025,2025,-1,-1,22,23,-1,-1,-1,-1,-1,-1,22,23,-1,-1,-1,-1,-1,22,23,-1,-1,-1,-1,-1,-1,-1,-1,-1,-1,-1,-1,-1,-1,-1,-1,-1,-1,-1,-1,2025
2025,2025,2025,-1,-1,-1,-1,-1,52,-1,-1,-1,52,-1,-1,52,-1,-1,-1,-1,-1,-1,-1,-1,-1,-1,-1,-1,-1,-1,-1,-1,-1,-1,-1,52,-1,-1,-1,-1,-1,-1,-1,-1,-1,-1,-1,-1,-1,-1,-1,-1,-1,-1,-1,-1,2025,2025,2025,2025,-1,-1,-1,-1,-1,-1,-1,-1,-1,-1,-1,-1,-1,-1,-1,-1,-1,-1,-1,-1,-1,-1,-1,-1,14,15,-1,-1,-1,-1,-1,-1,-1,5,5,-1,-1,-1,-1,2025
2025,2025,2025,-1,-1,-1,-1,-1,-1,-1,-1,-1,-1,-1,52,-1,-1,-1,-1,-1,-1,-1,-1,-1,-1,-1,-1,-1,52,-1,-1,-1,-1,-1,-1,-1,-1,-1,-1,-1,-1,-1,-1,-1,-1,-1,-1,-1,-1,-1,-1,-1,-1,-1,-1,2025,2025,2025,2025,2025,-1,-1,-1,-1,-1,-1,-1,-1,-1,-1,-1,-1,-1,-1,-1,-1,-1,-1,-1,-1,-1,-1,-1,-1,22,23,-1,-1,-1,-1,-1,-1,-1,-1,-1,-1,-1,-1,-1,2025
2025,2025,2025,-1,-1,-1,-1,-1,-1,-1,-1,-1,-1,-1,-1,-1,-1,-1,-1,-1,-1,-1,-1,-1,-1,-1,-1,-1,-1,-1,-1,-1,-1,-1,-1,-1,-1,-1,-1,-1,-1,-1,-1,-1,-1,-1,-1,-1,-1,-1,-1,-1,-1,-1,2025,2025,2025,2025,2025,2025,-1,-1,-1,-1,-1,2025,-1,-1,-1,14,15,-1,-1,-1,-1,-1,-1,-1,-1,-1,-1,-1,-1,-1,-1,-1,-1,-1,-1,-1,-1,-1,-1,-1,-1,-1,-1,-1,2025,2025
2025,2025,2025,2025,2025,2025,2025,2025,2025,2025,2025,2025,2025,2025,2025,2025,2025,2025,2025,-1,-1,-1,-1,-1,-1,-1,-1,-1,-1,-1,-1,-1,-1,-1,-1,-1,-1,-1,2025,2025,2025,2025,2025,2025,2025,-1,-1,-1,-1,-1,-1,2025,2025,2025,2025,2025,2025,2025,2025,2025,-1,-1,-1,-1,-1,2025,2025,-1,-1,22,23,-1,-1,-1,-1,-1,-1,-1,-1,2025,2025,2025,-1,-1,-1,-1,-1,-1,-1,-1,-1,-1,-1,-1,-1,-1,2025,2025,2025,2025
2025,2025,2025,2025,2025,2025,2025,2025,2025,2025,2025,2025,2025,2025,2025,2025,2025,2025,2025,2025,2025,-1,-1,-1,-1,-1,-1,-1,-1,-1,-1,-1,-1,-1,55,55,55,55,-1,-1,2025,2025,2025,2025,2025,-1,-1,-1,-1,-1,-1,-1,2025,2025,2025,2025,2025,2025,2025,2025,-1,-1,-1,-1,2025,2025,-1,-1,-1,-1,-1,-1,-1,-1,-1,-1,-1,-1,2025,2025,2025,2025,2025,-1,-1,-1,-1,-1,-1,14,15,-1,-1,-1,-1,2025,2025,2025,2025,2025
2025,2025,2025,2025,2025,2025,2025,2025,2025,2025,2025,2025,2025,2025,2025,2025,2025,2025,2025,2025,2025,2025,2025,2025,2025,-1,-1,-1,-1,-1,-1,-1,-1,-1,55,55,55,55,-1,-1,-1,2025,2025,2025,2025,-1,-1,-1,-1,-1,-1,-1,-1,-1,-1,2025,2025,2025,2025,2025,2025,-1,2025,2025,2025,2025,-1,-1,-1,-1,-1,-1,-1,-1,14,15,-1,-1,-1,2025,2025,2025,2025,2025,-1,-1,-1,-1,-1,22,23,-1,-1,-1,2025,2025,2025,2025,2025,2025
2025,2025,2025,2025,2025,2025,2025,2025,2025,2025,2025,2025,2025,2025,2025,2025,2025,2025,2025,2025,2025,2025,2025,2025,2025,2025,2025,2025,2025,2025,2025,2025,-1,-1,55,55,55,55,-1,-1,-1,2025,2025,2025,2025,-1,-1,-1,-1,-1,-1,-1,-1,-1,-1,2025,2025,2025,2025,2025,2025,2025,2025,2025,2025,2025,-1,-1,-1,-1,-1,-1,-1,-1,22,23,-1,-1,2025,2025,2025,2025,2025,2025,2025,2025,-1,-1,-1,-1,-1,-1,-1,2025,2025,2025,2025,2025,2025,2025
2025,2025,2025,2025,2025,2025,2025,2025,2025,2025,2025,2025,2025,2025,2025,2025,2025,2025,2025,2025,2025,2025,2025,2025,2025,2025,2025,2025,2025,2025,2025,2025,2025,2025,2025,2025,2025,2025,2025,2025,2025,2025,2025,2025,2025,2025,2025,-1,-1,-1,-1,-1,-1,-1,2025,2025,2025,2025,2025,2025,2025,2025,2025,2025,2025,2025,2025,2025,2025,2025,2025,2025,-1,-1,-1,-1,-1,2025,2025,2025,2025,2025,2025,2025,2025,2025,2025,2025,2025,2025,2025,2025,2025,2025,2025,2025,2025,2025,2025,2025
2025,2025,2025,2025,2025,2025,2025,2025,2025,2025,2025,2025,2025,2025,2025,2025,2025,2025,2025,2025,2025,2025,2025,2025,2025,2025,2025,2025,2025,2025,2025,2025,2025,2025,2025,2025,2025,2025,2025,2025,2025,2025,2025,2025,2025,2025,2025,2025,2025,2025,2025,2025,2025,2025,2025,2025,2025,2025,2025,2025,2025,2025,2025,2025,2025,2025,2025,2025,2025,2025,2025,2025,2025,2025,2025,2025,2025,2025,2025,2025,2025,2025,2025,2025,2025,2025,2025,2025,2025,2025,2025,2025,2025,2025,2025,2025,2025,2025,2025,2025
