2024,2024,2024,2024,2024,2024,2024,2024,2024,2024,2024,2024,2024,1,1,1,1,1,1,1,1,1,1,1,1,1,1,1,1,1,1,1,1,1,1,1,1,1,1,1,1,1,1,1,1,1,1,1,1,1,1,1,1,1,1,1,1,1,1,1,1,1,1,1,1,1,1,1,1,1,2027,2028,2028,2027,3,3,3,3,3,3,3,3,3,3,3,3,3,3,3,3,3,3,3,2027,2028,2028,2027,0,0,0,0,0,0,0,0,0,0,0,0,0,0,0,0,0,0,0,0,0,0,0,0,0,0,0,0,0,0,0,0,0,0,2024,2024,2024,2024,2024,2024,2024,2024,2024,2024,2024,2024,2024,1320,1320,1320,1320,1320,1320,1320,1320,1320,1320,1320,1320,1320,1320,1320,1320,1320,1320,1320,1320,1320,1320,1320,1320,2024,2024,2024,2024,2024,2024,2024,2024,2024,2024,2024,2024,2024,2024,2024,2024,2024,2024,2024,2024,2024,2024,2024,2024,2024,2024,2024,2024,2024,2024,2024,2024
2024,2024,2024,2024,2024,2024,2024,2024,2024,2024,2024,2024,2024,1,1,1,1,1,1,1,1,1,1,1,1,1,1,1,1,1,1,1,1,1,1,1,1,1,1,1,1,1,1,1,1,1,1,1,1,1,1,1,1,1,1,1,1,1,1,1,1,1,1,1,1,1,1,1,1,1,2027,2028,2028,2027,3,3,3,3,3,3,3,3,3,3,3,3,3,3,3,3,3,3,3,2027,2028,2028,2027,0,0,0,0,0,0,0,0,0,0,0,0,0,0,0,0,0,0,0,0,0,0,0,0,0,2024,0,2024,2024,2024,2024,2024,2024,2024,2024,2024,2024,2024,2024,2024,2024,2024,2024,2024,2024,2024,2024,1320,1320,1320,1320,1320,1320,1320,1320,1320,1320,1320,1320,1320,1320,1320,1320,1320,1320,1320,1320,1320,1320,1320,1320,2024,2024,2024,2024,2024,2024,2024,2024,2024,2024,2024,2024,2024,2024,2024,2024,2024,2024,2024,2024,2024,2024,2024,2024,2024,2024,2024,2024,2024,2024,2024,2024
2024,2024,2024,2024,2024,2024,2024,2024,2024,2024,2024,2024,1,1,1,1,1,1,1,1,1,1,1,1,1,1,1,1,1,1,1,1,1,1,1,1,1,1,1,1,1,1,1,1,1,1,1,1,1,1,4,4,4,1,1,1,1,1,1,4,4,4,4,4,1,1,1,1,1,1,2027,2028,2028,2027,3,3,3,3,3,3,3,3,3,3,3,3,3,3,3,3,3,3,3,2027,2028,2028,2027,0,0,0,0,0,0,0,0,0,0,0,0,0,0,0,0,0,0,0,0,0,0,0,0,0,2024,2024,2024,2024,2024,2024,2024,2024,2024,2024,2024,2024,2024,2024,2024,2024,2024,2024,2024,2024,2024,2024,1320,1320,1320,1320,1320,1320,1320,1320,1320,1320,1320,1320,1320,1320,1320,1320,1320,1320,1320,1320,1320,1320,2024,2024,2024,2024,2024,2024,2024,2024,2024,2024,2024,2024,2024,2024,2024,2024,2024,2024,2024,2024,2024,2024,2024,2024,2024,2024,2024,2024,2024,2024,2024,2024,2024,2024
2024,2024,2024,2024,2024,2024,2024,2024,2024,2024,2024,1,1,1,1,1,1,1,1,1,1,1,1,1,1,1,1,1,1,1,1,1,1,1,1,1,1,1,1,1,1,1,1,1,1,1,1,1,4,4,4,4,4,4,1,1,1,1,4,4,4,4,4,4,4,4,1,1,1,1,2027,2028,2028,2027,3,3,3,3,3,3,3,3,3,3,3,3,3,3,3,3,3,3,3,2027,2028,2028,2027,0,0,0,0,0,0,0,0,0,0,0,0,0,0,0,0,0,0,0,0,0,0,0,0,0,0,0,2024,2024,2024,2024,2024,2024,2024,2024,2024,2024,2024,2024,2024,2024,2024,2024,2024,2024,2024,1320,1320,1320,1320,1320,1320,1320,1320,1320,1320,1320,1320,1320,1320,1320,1320,1320,1320,1320,1320,1320,1320,1320,2024,2024,2024,2024,2024,2024,2024,2024,2024,2024,2024,2024,2024,2024,2024,2024,2024,2024,2024,2024,2024,2024,2024,2024,2024,2024,2024,2024,2024,2024,2024,2024,2024,2024
2024,2024,2024,2024,2024,2024,2024,2024,2024,2024,2024,1,1,1,1,1,1,1,1,1,1,1,1,1,1,1,1,1,1,1,1,1,1,4,4,4,4,4,1,1,1,1,1,1,1,1,1,1,4,4,4,4,4,4,1,1,1,1,4,4,4,4,4,4,4,4,4,4,1,1,2027,2028,2028,2027,3,3,3,3,3,3,3,3,3,3,3,3,3,3,3,3,3,3,3,2027,2028,2028,2027,0,0,0,0,0,0,0,0,0,0,0,0,0,0,0,0,0,0,0,0,0,0,0,0,0,0,0,0,0,0,0,0,0,0,2024,2024,2024,2024,2024,2024,2024,2024,2024,2024,2024,2024,1320,1320,1320,1320,1320,1320,1320,1320,1320,1320,1320,1320,1320,1320,1320,1320,1320,1320,1320,1320,1320,1320,2024,2024,2024,2024,2024,2024,2024,2024,2024,2024,2024,2024,2024,2024,2024,2024,2024,2024,2024,2024,2024,2024,2024,2024,2024,2024,2024,2024,2024,2024,2024,2024,2024,2024,2024
2024,2024,2024,4,4,4,4,4,2024,4,4,4,4,4,4,4,4,4,4,4,4,4,4,4,4,4,1,1,1,1,1,1,4,4,4,4,4,4,4,1,1,1,1,1,1,1,1,1,4,4,4,4,4,4,1,1,1,1,4,4,4,4,4,4,4,4,4,4,4,1,2027,2028,2028,2027,3,3,3,3,3,3,3,3,3,3,3,3,3,3,3,3,3,3,3,2027,2028,2028,2027,0,0,0,0,0,0,0,0,0,0,0,0,0,0,0,0,0,0,0,0,0,0,0,0,0,0,0,0,0,0,0,0,0,0,2024,2024,2024,2024,2024,2024,2024,2024,2024,2024,2024,2024,1320,1320,1320,1320,1320,1320,1320,1320,1320,1320,1320,1320,1320,1320,1320,1320,1320,1320,1320,1320,1320,1320,2024,2024,2024,2024,2024,2024,2024,2024,2024,2024,2024,2024,2024,2024,2024,2024,2024,2024,2024,2024,2024,2024,2024,2024,2024,2024,2024,2024,2024,2024,2024,2024,2024,2024,2024
2024,2024,2024,4,4,4,4,4,4,4,4,4,4,4,4,4,4,4,4,4,4,4,4,4,4,4,1,1,1,1,1,1,4,4,4,4,4,4,4,1,1,1,1,1,1,1,1,1,1,4,4,4,4,4,1,1,1,1,4,4,4,4,4,4,4,4,4,4,4,1,2027,2028,2028,2027,3,3,3,3,3,3,3,3,3,3,3,3,3,3,3,3,3,3,3,2027,2028,2028,2027,0,0,0,0,0,0,0,0,0,0,0,0,0,0,0,0,0,0,0,0,0,0,0,0,0,0,0,0,0,0,0,0,0,0,0,0,0,0,2024,2024,2024,2024,2024,2024,2024,2024,1320,1320,1320,1320,1320,1320,1320,1320,1320,1320,1320,1320,1320,1320,1320,1320,1320,1320,1320,1320,1320,1320,1320,2024,2024,2024,2024,2024,2024,2024,2024,2024,2024,2024,2024,2024,2024,2024,2024,2024,2024,2024,2024,2024,2024,2024,2024,2024,2024,2024,2024,2024,2024,2024,2024,2024,2024
2024,2024,2024,4,4,4,4,4,4,4,4,4,4,4,4,4,4,4,4,4,4,4,4,4,4,4,4,4,1,1,1,1,1,1,4,4,4,4,1,1,1,1,1,1,1,1,1,1,1,1,4,4,4,4,1,1,1,1,4,4,4,4,4,4,4,4,4,4,4,1,2027,2028,2028,2027,3,3,3,3,3,3,3,3,3,3,3,3,3,3,3,3,3,3,3,2027,2028,2028,2027,0,0,0,0,0,0,0,0,0,0,0,0,0,0,0,0,0,0,0,0,0,0,0,0,0,0,0,0,0,0,0,0,0,0,0,0,0,0,2024,2024,2024,2024,2024,2024,2024,2024,1320,1320,1320,1320,1320,1320,1320,1320,1320,1320,1320,1320,1320,1320,1320,1320,1320,1320,1320,1320,1320,1320,1320,2024,2024,2024,2024,2024,2024,2024,2024,2024,2024,2024,2024,2024,2024,2024,2024,2024,2024,2024,2024,2024,2024,2024,2024,2024,2024,2024,2024,2024,2024,2024,2024,2024,2024
2024,2024,2024,4,4,4,4,4,4,4,4,4,4,4,4,4,4,4,4,4,4,4,4,4,4,4,4,4,4,4,1,1,1,1,1,4,4,1,1,1,1,1,1,1,1,1,1,1,1,1,4,4,4,4,1,1,1,1,1,4,4,4,4,4,4,4,4,4,1,1,2027,2028,2028,2027,3,3,3,3,3,3,3,3,3,3,3,3,3,3,3,3,3,3,3,2027,2028,2028,2027,0,0,0,0,0,0,0,0,0,0,0,0,0,0,0,0,0,0,0,0,0,0,0,0,0,0,0,0,0,0,0,0,0,0,0,0,0,0,2024,2024,2024,2024,2024,2024,2024,2024,1320,1320,1320,1320,1320,1320,1320,1320,1320,1320,1320,1320,1320,1320,1320,1320,1320,1320,1320,1320,1320,1320,1320,1320,2024,2024,2024,2024,2024,2024,2024,2024,2024,2024,2024,2024,2024,2024,2024,2024,2024,2024,2024,2024,2024,2024,2024,2024,2024,2024,2024,2024,2024,2024,2024,2024,2024
2024,2024,2024,4,4,4,4,4,4,4,4,4,4,4,4,4,4,4,4,4,4,4,4,4,4,4,4,4,4,1,1,1,1,1,1,1,1,1,1,1,1,1,1,1,1,1,1,1,1,1,1,1,1,1,1,1,1,1,1,1,4,4,4,4,4,4,1,1,1,1,2027,2028,2028,2027,3,3,3,3,3,3,3,3,3,3,3,3,3,3,3,3,3,3,3,2027,2028,2028,2027,0,0,0,0,0,0,0,0,0,0,0,0,0,0,0,0,0,0,0,0,0,0,0,0,0,0,0,0,0,0,0,0,0,0,0,0,0,0,2024,2024,2024,2024,2024,2024,2024,2024,1320,1320,1320,1320,1320,1320,1320,1320,1320,1320,1320,1320,1320,1320,1320,1320,1320,1320,1320,1320,1320,1320,1320,1320,1320,1320,1320,1320,2024,2024,2024,2024,2024,2024,2024,2024,2024,2024,2024,2024,2024,2024,2024,2024,2024,2024,2024,2024,2024,2024,2024,2024,2024,2024,2024,2024,2024
2024,2024,2024,4,4,4,4,4,4,4,4,4,4,4,4,4,4,4,4,4,4,4,4,4,4,4,4,4,4,1,1,1,1,1,1,1,1,1,1,1,1,1,1,1,1,1,1,1,1,1,1,1,1,1,1,1,1,1,1,1,1,4,4,4,4,4,1,1,1,1,2027,2028,2028,2027,3,3,3,3,3,3,3,3,3,3,3,3,3,3,3,3,3,3,3,2027,2028,2028,2027,0,0,0,0,0,0,0,0,0,0,0,0,0,0,0,0,0,0,0,0,0,0,0,0,0,0,0,0,0,0,0,0,0,0,0,0,0,0,2024,2024,2024,2024,2024,2024,2024,2024,1320,1320,1320,1320,1320,1320,1320,1320,1320,1320,1320,1320,1320,1320,1320,1320,1320,1320,1320,1320,1320,1320,1320,1320,1320,1320,1320,1320,2024,2024,2024,2024,2024,2024,2024,2024,2024,2024,2024,2024,2024,2024,2024,2024,2024,2024,2024,2024,2024,2024,2024,2024,2024,2024,2024,2024,2024
2024,2024,2024,4,4,4,4,4,4,4,4,4,4,4,4,4,4,4,4,4,4,4,4,4,4,4,4,4,1,1,4,4,4,4,4,1,1,1,1,1,1,1,1,1,1,1,1,1,1,1,1,1,1,1,1,4,4,4,4,1,1,1,1,1,1,1,1,1,1,1,2027,2028,2028,2027,3,3,3,3,3,3,3,3,3,3,3,3,3,3,3,3,3,3,3,2027,2028,2028,2027,0,0,0,0,0,0,0,0,0,0,0,0,0,0,0,0,0,0,0,0,0,0,0,0,0,0,0,0,0,0,0,0,0,0,0,0,0,0,0,0,2024,2024,2024,2024,2024,2024,1320,1320,1320,1320,1320,1320,1320,1320,1320,1320,1320,1320,1320,1320,1320,1320,1320,1320,1320,1320,1320,1320,1320,1320,1320,1320,1320,1320,1320,1320,1320,1320,1320,1320,1320,1320,1320,1320,1320,1320,1320,1320,2024,2024,2024,2024,2024,2024,2024,2024,2024,2024,2024,2024,2024,2024,2024
2024,2024,2024,4,4,4,4,4,4,4,4,4,4,4,4,4,4,4,4,4,4,4,4,4,4,4,4,4,1,1,4,4,4,4,4,1,1,1,1,1,1,1,1,1,1,1,1,1,1,1,1,1,4,4,4,4,4,4,4,4,4,1,1,1,1,1,1,1,1,1,2027,2028,2028,2027,3,3,3,3,3,3,3,3,3,3,3,3,3,3,3,3,3,3,3,2027,2028,2028,2027,0,0,0,0,0,0,0,0,0,0,0,0,0,0,0,0,0,0,0,0,0,0,0,0,0,0,0,0,0,0,0,0,0,0,0,0,0,0,0,0,2024,2024,2024,2024,2024,2024,2024,2024,2024,1320,1320,1320,1320,1320,1320,1320,1320,1320,1320,1320,1320,1320,1320,1320,1320,1320,1320,1320,1320,1320,1320,1320,1320,1320,1320,1320,1320,1320,1320,1320,1320,1320,1320,1320,1320,1320,1320,1320,1320,2024,2024,2024,2024,2024,2024,2024,2024,2024,2024,2024,2024,2024,2024
2024,2024,2024,4,4,4,4,4,4,4,4,4,4,4,4,4,4,4,4,4,4,4,4,4,4,4,4,4,1,1,4,4,4,4,4,4,1,1,1,1,1,1,1,1,1,1,1,1,1,1,1,1,4,4,4,4,4,4,4,4,4,4,1,1,1,1,1,1,1,1,2027,2028,2028,2027,3,3,3,3,3,3,3,3,3,3,3,3,3,3,3,3,3,3,3,2027,2028,2028,2027,0,0,0,0,0,0,0,0,0,0,0,0,0,0,0,0,0,0,0,0,0,0,0,0,0,0,0,0,0,0,0,0,0,0,0,0,0,0,0,0,2024,2024,2024,2024,2024,2024,2024,2024,2024,1320,1320,1320,1320,1320,1320,1320,1320,1320,1320,1320,1320,1320,1320,1320,1320,1320,1320,1320,1320,1320,1320,1320,1320,1320,1320,1320,1320,1320,1320,1320,1320,1320,1320,1320,1320,1320,1320,1320,1320,2024,2024,2024,2024,2024,2024,2024,2024,2024,2024,2024,2024,2024,2024
2024,2024,2024,4,4,4,4,4,4,4,4,4,4,4,4,4,4,4,4,4,4,4,4,4,4,4,4,4,1,1,4,4,4,4,4,4,1,1,1,4,4,1,1,1,1,1,1,1,1,1,4,4,4,4,4,4,4,4,4,4,4,4,1,1,1,1,1,1,1,1,2027,2028,2028,2027,3,3,3,3,3,3,3,3,3,3,3,3,3,3,3,3,3,3,3,2027,2028,2028,2027,0,0,0,0,0,0,0,0,0,0,0,0,0,0,0,0,0,0,0,0,0,0,0,0,0,0,0,0,0,0,0,0,0,0,0,0,0,0,0,0,2024,2024,2024,2024,2024,2024,2024,2024,2024,1320,1320,1320,1320,1320,1320,1320,1320,1320,1320,1320,1320,1320,1320,1320,1320,1320,1320,1320,1320,1320,1320,1320,1320,1320,1320,1320,1320,1320,1320,1320,1320,1320,1320,1320,1320,1320,1320,1320,1320,1320,1320,2024,2024,2024,2024,2024,2024,2024,2024,2024,2024,2024,2024
2024,2024,2024,4,4,4,4,4,4,4,4,4,4,4,4,4,4,4,4,4,4,4,4,4,4,4,4,4,1,1,1,1,4,4,4,4,1,1,4,4,4,4,1,1,1,1,1,1,1,1,1,4,4,4,4,4,4,4,4,4,4,4,1,1,1,1,1,1,1,1,2027,2028,2028,2027,3,3,3,3,3,3,3,3,3,3,3,3,3,3,3,3,3,3,3,2027,2028,2028,2027,0,0,0,0,0,0,0,0,0,0,0,0,0,0,0,0,0,0,0,0,0,0,0,0,0,0,0,0,0,0,0,0,0,0,0,0,0,0,0,0,2024,2024,2024,2024,2024,2024,2024,2024,2024,1320,1320,1320,1320,1320,1320,1320,1320,1320,1320,1320,1320,1320,1320,1320,1320,1320,1320,1320,1320,1320,1320,1320,1320,1320,1320,1320,1320,1320,1320,1320,1320,1320,1320,1320,1320,1320,1320,1320,1320,1320,1320,2024,2024,2024,2024,2024,2024,2024,2024,2024,2024,2024,2024
2024,2024,2024,4,4,4,4,4,4,4,4,4,4,4,4,4,4,4,4,4,4,4,4,4,4,4,4,4,1,1,1,1,1,1,1,1,1,1,4,4,4,4,4,1,1,1,1,1,1,1,4,4,4,4,4,4,4,4,4,4,4,4,1,1,1,1,1,1,1,1,2027,2028,2028,2027,97,97,97,97,97,97,97,97,97,97,97,97,97,97,97,97,97,97,98,2027,2028,2028,2027,0,0,0,0,0,0,0,0,0,0,0,0,0,0,0,0,0,0,0,0,0,0,0,0,0,0,0,0,0,0,0,0,0,0,0,0,0,0,0,0,2024,2024,2024,2024,2024,2024,2024,2024,2024,1320,1320,1320,1320,1320,1320,1320,1320,1320,1320,1320,1320,1320,1320,1320,1320,1320,1320,1320,1320,1320,1320,1320,1320,1320,1320,1320,1320,1320,1320,1320,1320,1320,1320,1320,1320,1320,1320,1320,1320,1320,1320,1320,2024,2024,2024,2024,2024,2024,2024,2024,2024,2024,2024
2024,2024,2024,4,4,4,4,4,4,4,4,4,4,4,4,4,4,4,4,4,4,4,4,4,4,4,4,4,1,1,1,1,1,1,1,1,1,1,4,4,4,4,4,4,1,1,1,1,1,1,4,4,4,4,4,4,4,4,4,1,1,1,1,1,1,1,1,1,1,1,2027,2028,2028,2027,97,97,97,97,97,97,97,97,97,97,97,97,97,97,97,97,97,97,97,2027,2028,2028,2027,0,0,0,0,0,0,0,0,0,0,0,0,0,0,0,0,0,0,0,0,0,0,0,0,0,0,0,0,0,0,0,0,0,0,0,0,0,0,0,0,2024,2024,2024,2024,2024,2024,2024,2024,2024,1320,1320,1320,1320,1320,1320,1320,1320,1320,1320,1320,1320,1320,1320,1320,1320,1320,1320,1320,1320,1320,1320,1320,1320,1320,1320,1320,1320,1320,1320,1320,1320,1320,1320,1320,1320,1320,1320,1320,1320,1320,1320,1320,1320,1320,2024,2024,2024,2024,2024,2024,2024,2024,2024
2024,2024,2024,4,4,4,4,4,4,4,4,4,4,4,4,4,4,4,4,4,4,4,4,4,4,4,4,4,1,1,1,1,1,1,1,1,1,1,4,4,4,4,4,4,4,1,1,1,1,1,4,4,4,4,4,4,4,4,4,4,1,1,1,1,1,1,1,1,1,1,2027,2028,2028,2027,97,97,97,97,97,97,97,97,97,97,97,97,97,97,97,97,97,97,97,2027,2028,2028,2027,0,0,0,0,0,0,0,0,0,0,0,0,0,0,0,0,0,0,0,0,0,0,0,0,0,0,0,0,0,0,0,0,0,0,0,0,0,0,0,0,2024,2024,2024,2024,2024,2024,2024,2024,2024,1320,1320,1320,1320,1320,1320,1320,1320,1320,1320,1320,1320,1320,1320,1320,1320,1320,1320,1320,1320,1320,1320,1320,1320,1320,1320,1320,1320,1320,1320,1320,1320,1320,1320,1320,1320,1320,1320,1320,1320,1320,1320,1320,1320,1320,1320,2024,2024,2024,2024,2024,2024,2024,2024
2024,2024,2024,4,4,4,4,4,4,4,4,4,4,4,4,4,4,4,4,4,4,4,4,4,4,4,4,4,1,1,1,1,1,1,1,1,1,1,4,4,4,4,4,4,1,1,1,1,1,1,4,4,4,4,4,4,4,4,4,4,4,1,1,1,1,1,1,1,1,1,2027,2028,2028,2027,97,97,97,97,97,97,97,97,97,97,97,97,97,97,97,97,97,97,97,2027,2028,2028,2027,0,0,0,0,0,0,0,0,0,0,0,0,0,0,0,0,0,0,0,0,0,0,0,0,0,0,0,0,0,0,0,0,0,0,0,0,0,0,0,0,2024,2024,2024,2024,2024,2024,2024,1320,1320,1320,1320,1320,1320,1320,1320,1320,1320,1320,1320,1320,1320,1320,1320,1320,1320,1320,1320,1320,1320,1320,1320,1320,1320,1320,1320,1320,1320,1320,1320,1320,1320,1320,1320,1320,1320,1320,1320,1320,1320,1320,1320,1320,1320,1320,1320,1320,2024,2024,2024,2024,2024,2024,2024
2024,2024,2024,4,4,4,4,4,4,4,4,4,4,4,4,4,4,4,4,4,4,4,4,4,4,4,4,4,4,4,1,1,1,1,1,1,1,1,4,4,4,4,4,1,1,1,1,1,1,1,1,1,1,1,1,4,4,4,4,4,4,4,1,1,1,1,1,1,1,1,2027,2028,2028,2027,2027,2027,2027,2027,2027,2027,2027,2027,2027,2027,2027,2027,2027,2027,2027,2027,2027,2027,2027,2027,2028,2028,2027,0,0,0,0,0,0,0,0,0,0,0,0,0,0,0,0,0,0,0,0,0,0,0,0,0,0,0,0,0,0,0,0,0,0,0,0,0,0,0,0,2024,2024,2024,2024,2024,2024,2024,1320,1320,1320,1320,1320,1320,1320,1320,1320,1320,1320,1320,1320,1320,1320,1320,1320,1320,1320,1320,1320,1320,1320,1320,1320,1320,1320,1320,1320,1320,1320,1320,1320,1320,1320,1320,1320,1320,1320,1320,1320,1320,1320,1320,1320,1320,1320,1320,1320,2024,2024,2024,2024,2024,2024,2024
2024,2024,2024,4,4,4,4,4,4,4,4,4,4,4,4,4,4,4,4,4,4,4,4,4,4,4,4,4,4,4,1,1,1,1,1,1,1,1,1,1,1,1,1,1,1,1,1,1,1,1,1,1,1,1,1,1,1,4,4,4,4,4,1,1,1,1,1,1,1,1,2027,2028,2028,2028,2028,2028,2028,2028,2028,2028,2028,2028,2028,2028,2028,2028,2028,2028,2028,2028,2028,2028,2028,2028,2028,2028,2027,0,0,0,0,0,0,0,0,0,0,0,0,0,0,0,0,0,0,0,0,0,0,0,0,0,0,0,0,0,0,0,0,0,0,0,0,0,0,0,0,2024,2024,2024,2024,2024,2024,1320,1320,1320,1320,1320,1320,1320,1320,1320,1320,1320,1320,1320,1320,1320,1320,1320,1320,1320,1320,1320,1320,1320,1320,1320,1320,1320,1320,1320,1320,1320,1320,1320,1320,1320,1320,1320,1320,1320,1320,1320,1320,1320,1320,1320,1320,2024,2024,2024,2024,2024,2024,2024,2024,2024,2024,2024
2024,2024,2024,4,4,4,4,4,4,4,4,4,4,4,4,4,4,4,4,4,4,4,4,4,4,4,4,4,4,4,1,1,1,1,1,1,1,1,1,1,1,1,1,1,1,1,1,1,1,1,1,1,1,1,1,1,1,1,1,1,1,1,1,1,1,1,1,1,1,1,2027,2028,2028,2028,2028,2028,2028,2028,2028,2028,2028,2028,2028,2028,2028,2028,2028,2028,2028,2028,2028,2028,2028,2028,2028,2028,2027,0,0,0,0,0,0,0,0,0,0,0,0,0,0,0,0,0,0,0,0,0,0,0,0,0,0,0,0,0,0,0,0,0,0,0,0,0,0,0,0,2024,2024,2024,2024,2024,2024,1320,1320,1320,1320,1320,1320,1320,1320,1320,1320,1320,1320,1320,1320,1320,1320,1320,1320,1320,1320,1320,1320,1320,1320,1320,1320,1320,1320,1320,1320,1320,1320,1320,1320,1320,1320,1320,1320,1320,1320,1320,1320,1320,1320,1320,1320,2024,2024,2024,2024,2024,2024,2024,2024,2024,2024,2024
2024,2024,2024,4,4,4,4,4,4,4,4,4,4,4,4,4,4,4,4,4,4,4,4,4,4,4,4,4,4,4,1,1,1,1,1,1,1,1,1,1,1,1,1,1,1,1,1,1,1,1,1,1,1,1,1,1,1,1,1,1,1,1,1,1,1,1,1,1,1,1,2027,2027,2027,2027,2027,2027,2027,2027,2027,2027,2027,2027,2027,2027,2027,2027,2027,2027,2027,2027,2027,2027,2027,2027,2027,2027,2027,0,0,0,0,0,0,0,0,0,0,0,0,0,0,0,0,0,0,0,0,0,0,0,0,0,0,0,0,0,0,0,0,0,0,0,0,0,0,0,0,2024,2024,2024,2024,2024,2024,1320,1320,1320,1320,1320,1320,1320,1320,1320,1320,1320,1320,1320,1320,1320,1320,1320,1320,1320,1320,1320,1320,1320,1320,1320,1320,1320,1320,1320,1320,1320,1320,1320,1320,1320,1320,1320,1320,1320,1320,1320,1320,1320,1320,1320,2024,2024,2024,2024,2024,2024,2024,2024,2024,2024,2024,2024
2024,2024,2024,4,4,4,4,4,4,4,4,4,4,4,4,4,4,4,4,4,4,4,4,4,4,4,4,4,4,4,4,4,4,4,4,4,4,4,4,4,4,4,4,4,4,4,4,4,4,4,4,4,4,4,4,4,4,4,4,4,4,4,4,4,4,4,4,4,4,4,0,0,0,0,0,0,0,0,0,0,0,0,0,0,0,0,0,0,0,0,0,0,0,0,0,0,0,0,0,0,0,0,0,0,0,0,0,0,0,0,0,0,0,0,0,0,0,0,0,0,0,0,0,0,0,0,0,0,0,0,0,0,0,0,0,0,0,2024,2024,2024,2024,2024,2024,1320,1320,1320,1320,1320,1320,1320,1320,1320,1320,1320,1320,1320,1320,1320,1320,1320,1320,1320,1320,1320,1320,1320,1320,1320,1320,1320,1320,1320,1320,1320,1320,1320,1320,1320,1320,1320,1320,1320,1320,1320,1320,1320,1320,1320,2024,2024,2024,2024,2024,2024,2024,2024,2024,2024,2024,2024
2024,2024,2024,4,4,4,4,4,4,4,4,4,4,4,4,4,4,4,4,4,4,4,4,4,4,4,4,4,4,4,4,4,4,4,4,4,4,4,4,4,4,4,4,4,4,4,4,4,4,4,4,4,4,4,4,4,4,4,4,4,4,4,4,4,4,4,4,4,4,4,0,0,0,0,0,0,0,0,0,0,0,0,0,0,0,0,0,0,0,0,0,0,0,0,0,0,0,0,0,0,0,0,0,0,0,0,0,0,0,0,0,0,0,0,0,0,0,0,0,0,0,0,0,0,0,0,0,0,0,0,0,0,0,0,0,0,0,2024,2024,2024,2024,2024,2024,1320,1320,1320,1320,1320,1320,1320,1320,1320,1320,1320,1320,1320,1320,1320,1320,1320,1320,1320,1320,1320,1320,1320,1320,1320,1320,1320,1320,1320,1320,1320,1320,1320,1320,1320,1320,1320,1320,1320,1320,1320,1320,1320,1320,1320,1320,2024,2024,2024,2024,2024,2024,2024,2024,2024,2024,2024
2024,2024,2024,4,4,4,4,4,4,4,4,4,4,4,4,4,4,4,4,4,4,4,4,4,4,4,4,4,4,4,4,4,4,4,4,4,4,4,4,4,4,4,4,4,4,4,4,4,4,4,4,4,4,4,4,4,4,4,4,4,4,4,4,4,4,4,4,4,4,4,0,0,0,0,0,0,0,0,0,0,0,0,0,0,0,0,0,0,0,0,0,0,0,0,0,0,0,0,0,0,0,0,0,0,0,0,0,0,0,0,0,0,0,0,0,0,0,0,0,0,0,0,0,0,0,0,0,0,0,0,0,0,0,0,0,0,0,2024,2024,2024,2024,2024,2024,1320,1320,1320,1320,1320,1320,1320,1320,1320,1320,1320,1320,1320,1320,1320,1320,1320,1320,1320,1320,1320,1320,1320,1320,1320,1320,1320,1320,1320,1320,1320,1320,1320,1320,1320,1320,1320,1320,1320,1320,1320,1320,1320,1320,1320,1320,2024,2024,2024,2024,2024,2024,2024,2024,2024,2024,2024
2024,2024,2024,4,4,4,4,4,4,4,4,4,4,4,4,4,4,4,4,4,4,4,4,4,4,4,4,4,4,4,4,4,4,4,4,4,4,4,4,4,4,4,4,4,4,4,4,4,4,4,4,4,4,4,4,4,4,4,4,4,4,4,4,4,4,4,4,4,4,4,0,0,0,0,0,0,0,0,0,0,0,0,0,0,0,0,0,0,0,0,0,0,0,0,0,0,0,0,0,0,0,0,0,0,0,0,0,0,0,0,0,0,0,0,0,0,0,0,0,0,0,0,0,0,0,0,0,0,0,0,0,0,0,0,0,0,0,2024,2024,2024,2024,2024,2024,1320,1320,1320,1320,1320,1320,1320,1320,1320,1320,1320,1320,1320,1320,1320,1320,1320,1320,1320,1320,1320,1320,1320,1320,1320,1320,1320,1320,1320,1320,1320,1320,1320,1320,1320,1320,1320,1320,1320,1320,1320,1320,1320,1320,1320,1320,1320,2024,2024,2024,2024,2024,2024,2024,2024,2024,2024
2024,2024,2024,4,4,4,4,4,4,4,4,4,4,4,4,4,4,4,4,4,4,4,4,4,4,4,4,4,4,4,4,4,4,4,4,4,4,4,4,4,4,4,4,4,4,4,4,4,4,4,4,4,4,4,4,4,4,4,4,4,4,4,4,4,4,4,4,4,4,4,0,0,0,0,0,0,0,0,0,0,0,0,0,0,0,0,0,0,0,0,0,0,0,0,0,0,0,0,0,0,0,0,0,0,0,0,0,0,0,0,0,0,0,0,0,0,0,0,0,0,0,0,0,0,0,0,0,0,0,0,0,0,0,0,0,0,0,2024,2024,2024,2024,2024,2024,1320,1320,1320,1320,1320,1320,1320,1320,1320,1320,1320,1320,1320,1320,1320,1320,1320,1320,1320,1320,1320,1320,1320,1320,1320,1320,1320,1320,1320,1320,1320,1320,1320,1320,1320,1320,1320,1320,1320,1320,1320,1320,1320,1320,1320,1320,1320,2024,2024,2024,2024,2024,2024,2024,2024,2024,2024
2024,2024,2024,4,4,4,4,4,4,4,4,4,4,4,4,4,4,4,4,4,4,4,4,4,4,4,4,4,4,4,4,4,4,4,4,4,4,4,4,4,4,4,4,4,4,4,4,4,4,4,4,4,4,4,4,4,4,4,4,4,4,4,4,4,4,4,4,4,4,4,0,0,0,0,0,0,0,0,0,0,0,0,0,0,0,0,0,0,0,0,0,0,0,0,0,0,0,0,0,0,0,0,0,0,0,0,0,0,0,0,0,0,0,0,0,0,0,0,0,0,0,0,0,0,0,0,0,0,0,0,0,0,0,0,0,0,0,2024,2024,2024,2024,2024,2024,1320,1320,1320,1320,1320,1320,1320,1320,1320,1320,1320,1320,1320,1320,1320,1320,1320,1320,1320,1320,1320,1320,1320,1320,1320,1320,1320,1320,1320,1320,1320,1320,1320,1320,1320,1320,1320,1320,1320,1320,1320,1320,1320,1320,1320,1320,1320,2024,2024,2024,2024,2024,2024,2024,2024,2024,2024
2024,2024,2024,4,4,4,4,4,4,4,4,4,4,4,4,4,4,4,4,4,4,4,4,4,4,4,4,4,4,4,4,4,4,4,4,4,4,4,4,4,4,4,4,4,4,4,4,4,4,4,4,4,4,4,4,4,4,4,4,4,4,4,4,4,4,4,4,4,4,4,0,0,0,0,0,0,0,0,0,0,0,0,0,0,0,0,0,0,0,0,0,0,0,0,0,0,0,0,0,0,0,0,0,0,0,0,0,0,0,0,0,0,0,0,0,0,0,0,0,0,0,0,0,0,0,0,0,0,0,0,0,0,0,0,0,0,0,2024,2024,2024,2024,2024,2024,1320,1320,1320,1320,1320,1320,1320,1320,1320,1320,1320,1320,1320,1320,1320,1320,1320,1320,1320,1320,1320,1320,1320,1320,1320,1320,1320,1320,1320,1320,1320,1320,1320,1320,1320,1320,1320,1320,1320,1320,1320,1320,1320,1320,1320,1320,1320,2024,2024,2024,2024,2024,2024,2024,2024,2024,2024
2024,2024,2024,4,4,4,4,4,4,4,4,4,4,4,4,4,4,4,4,4,4,4,4,4,4,1,1,1,1,1,1,1,1,1,1,1,1,1,1,1,1,1,1,1,1,1,1,1,1,1,1,1,1,1,1,1,1,1,1,1,1,1,1,1,1,1,1,1,1,1,0,0,0,0,0,0,0,0,0,0,0,0,0,0,0,0,0,0,0,0,0,0,0,0,0,0,0,0,0,0,0,0,0,0,0,0,0,0,0,0,0,0,0,0,0,0,0,0,0,0,0,0,0,0,0,0,0,0,0,0,0,0,0,0,0,0,0,2024,2024,2024,2024,2024,2024,1320,1320,1320,1320,1320,1320,1320,1320,1320,1320,1320,1320,1320,1320,1320,1320,1320,1320,1320,1320,1320,1320,1320,1320,1320,1320,1320,1320,1320,1320,1320,1320,1320,1320,1320,1320,1320,1320,1320,1320,1320,1320,1320,1320,1320,1320,1320,2024,2024,2024,2024,2024,2024,2024,2024,2024,2024
2024,2024,2024,4,4,4,4,4,4,4,4,4,4,4,4,4,4,4,4,4,4,4,4,4,4,1,1,1,1,1,1,1,1,1,1,1,1,1,1,1,1,1,1,1,1,1,1,1,1,1,1,1,1,1,1,1,1,1,1,1,1,1,1,1,1,1,1,1,1,1,0,0,0,0,0,0,0,0,0,0,0,0,0,0,0,0,0,0,0,0,0,0,0,0,0,0,0,0,0,0,0,0,0,0,0,0,0,0,0,0,0,0,0,0,0,0,0,0,0,0,0,0,0,0,0,0,0,0,0,0,0,0,0,0,0,0,0,2024,2024,2024,2024,2024,2024,1320,1320,1320,1320,1320,1320,1320,1320,1320,1320,1320,1320,1320,1320,1320,1320,1320,1320,1320,1320,1320,1320,1320,1320,1320,1320,1320,1320,1320,1320,1320,1320,1320,1320,1320,1320,1320,1320,1320,1320,1320,1320,1320,1320,2024,2024,2024,2024,2024,2024,2024,2024,2024,2024,2024,2024,2024
2024,2024,2024,4,4,4,4,4,4,4,1,1,1,1,1,1,1,4,4,4,4,4,4,4,1,1,1,1,1,1,1,1,1,1,1,1,1,1,1,1,1,1,1,1,1,1,1,1,1,1,1,1,1,1,1,1,1,1,1,1,1,1,1,1,1,1,1,1,1,1,0,0,0,0,0,0,0,0,0,0,0,0,0,0,0,0,0,0,0,0,0,0,0,0,0,0,0,0,0,0,0,0,0,0,0,0,0,0,0,0,0,0,0,0,0,0,0,0,0,0,0,0,0,0,0,0,0,0,0,0,0,0,0,0,0,0,0,2024,2024,2024,2024,2024,2024,1320,1320,1320,1320,1320,1320,1320,1320,1320,1320,1320,1320,1320,1320,1320,1320,1320,1320,1320,1320,1320,1320,1320,1320,1320,1320,1320,1320,1320,1320,1320,1320,1320,1320,1320,1320,1320,1320,1320,1320,1320,1320,1320,1320,2024,2024,2024,2024,2024,2024,2024,2024,2024,2024,2024,2024,2024
2024,2024,2024,2024,2024,2024,2024,2024,2024,2024,1,1,1,1,1,1,1,1,1,1,1,1,1,1,1,1,1,1,1,1,1,1,1,4,4,4,4,4,1,1,1,1,1,1,1,1,1,1,1,1,1,1,1,1,1,1,1,1,1,1,1,1,1,1,1,1,1,1,1,1,0,0,0,0,0,0,0,0,0,0,0,0,0,0,0,0,0,0,0,0,0,0,0,0,0,0,0,0,0,0,0,0,0,0,0,0,0,0,0,0,0,0,0,0,0,0,0,0,0,0,0,0,0,0,0,0,0,0,0,0,0,0,0,0,0,0,0,2024,2024,2024,2024,2024,2024,2024,2024,2024,1320,1320,1320,1320,1320,1320,1320,1320,1320,1320,1320,1320,1320,1320,1320,1320,1320,1320,1320,1320,1320,1320,1320,1320,1320,1320,1320,1320,1320,1320,1320,1320,1320,1320,1320,1320,1320,1320,1320,1320,1320,2024,2024,2024,2024,2024,2024,2024,2024,2024,2024,2024,2024,2024
2024,2024,2024,2024,2024,2024,2024,2024,2024,2024,1,1,1,1,1,1,1,1,1,1,1,1,1,1,1,1,1,1,1,1,1,4,4,4,4,4,4,4,4,1,1,1,1,1,1,1,1,1,1,1,1,1,1,1,1,1,1,1,1,1,1,1,1,1,1,1,1,1,1,1,0,0,0,0,0,0,0,0,0,0,0,0,0,0,0,0,0,0,0,0,0,0,0,0,0,0,0,0,0,0,0,0,0,0,0,0,0,0,0,0,0,0,0,0,0,0,0,0,0,0,0,0,0,0,0,0,0,0,0,0,0,0,0,0,0,0,0,2024,2024,2024,2024,2024,2024,2024,2024,2024,1320,1320,1320,1320,1320,1320,1320,1320,1320,1320,1320,1320,1320,1320,1320,1320,1320,1320,1320,1320,1320,1320,1320,1320,1320,1320,1320,1320,1320,1320,1320,1320,1320,1320,1320,1320,1320,1320,1320,1320,1320,2024,2024,2024,2024,2024,2024,2024,2024,2024,2024,2024,2024,2024
2024,2024,2024,2024,2024,2024,2024,2024,2024,2024,1,1,1,1,1,1,1,1,1,1,1,1,1,1,1,1,1,1,1,1,1,4,4,4,4,4,4,4,4,4,4,1,1,1,1,1,1,1,1,1,1,1,1,1,1,1,1,1,1,1,1,1,1,1,1,1,1,1,1,1,0,0,0,0,0,0,0,0,0,0,0,0,0,0,0,0,0,0,0,0,0,0,0,0,0,0,0,0,0,0,0,0,0,0,0,0,0,0,0,0,0,0,0,0,0,0,0,0,0,0,0,0,0,0,0,0,0,0,0,0,0,0,0,0,0,0,0,2024,2024,2024,2024,2024,2024,2024,2024,2024,1320,1320,1320,1320,1320,1320,1320,1320,1320,1320,1320,1320,1320,1320,1320,1320,1320,1320,1320,1320,1320,1320,1320,1320,1320,1320,1320,1320,1320,1320,1320,1320,1320,1320,1320,1320,1320,1320,1320,1320,1320,2024,2024,2024,2024,2024,2024,2024,2024,2024,2024,2024,2024,2024
2024,2024,2024,2024,2024,2024,2024,2024,2024,2024,1,1,1,1,1,1,1,1,1,1,1,1,1,1,1,1,1,1,1,1,1,4,4,4,4,4,4,4,4,4,4,1,1,1,1,1,1,1,1,1,1,1,1,1,1,1,1,1,1,1,1,1,1,1,1,1,1,1,1,1,0,0,0,0,0,0,0,0,0,0,0,0,0,0,0,0,0,0,0,0,0,0,0,0,0,0,0,0,0,0,0,0,0,0,0,0,0,0,0,0,0,0,0,0,0,0,0,0,0,0,0,0,0,0,0,0,0,0,0,0,0,0,0,0,0,0,0,2024,2024,2024,2024,2024,2024,2024,2024,2024,1320,1320,1320,1320,1320,1320,1320,1320,1320,1320,1320,1320,1320,1320,1320,1320,1320,1320,1320,1320,1320,1320,1320,1320,1320,1320,1320,1320,1320,1320,1320,1320,1320,1320,1320,1320,1320,1320,1320,1320,1320,1320,2024,2024,2024,2024,2024,2024,2024,2024,2024,2024,2024,2024
2024,2024,2024,2024,2024,2024,2024,2024,2024,2024,1,1,1,1,1,1,1,1,1,1,1,1,1,1,1,1,1,1,1,1,1,4,4,4,4,4,4,4,4,4,4,4,1,1,1,1,1,1,1,1,1,1,1,1,1,1,1,1,1,1,1,1,1,1,1,1,1,1,1,1,0,0,0,0,0,0,0,0,0,0,0,0,0,0,0,0,0,0,0,0,0,0,0,0,0,0,0,0,0,0,0,0,0,0,0,0,0,0,0,0,2024,2024,2024,2024,2024,2024,2024,0,0,0,0,0,0,0,0,0,0,0,0,0,0,0,0,0,0,0,0,2024,2024,2024,2024,2024,2024,2024,2024,2024,1320,1320,1320,1320,1320,1320,1320,1320,1320,1320,1320,1320,1320,1320,1320,1320,1320,1320,1320,1320,1320,1320,1320,1320,1320,1320,1320,1320,1320,1320,1320,1320,1320,1320,1320,1320,1320,1320,1320,1320,1320,1320,2024,2024,2024,2024,2024,2024,2024,2024,2024,2024,2024,2024
2024,2024,2024,2024,2024,2024,2024,2024,2024,2024,1,1,1,1,1,1,1,1,1,1,1,1,1,1,1,1,1,1,1,1,4,4,4,4,4,4,4,4,4,4,4,1,1,1,1,1,1,1,1,1,1,1,1,1,1,1,1,1,1,1,1,1,1,1,1,1,1,1,1,1,0,0,0,0,0,0,0,0,0,0,0,0,0,0,0,0,0,0,0,0,0,0,0,0,0,0,0,0,0,0,0,0,0,0,0,0,0,0,0,0,2024,2024,2024,2024,2024,2024,2024,0,0,0,0,0,0,0,0,0,0,0,0,0,0,0,0,0,0,0,0,2024,2024,2024,2024,2024,2024,2024,2024,1320,1320,1320,1320,1320,1320,1320,1320,1320,1320,1320,1320,1320,1320,1320,1320,1320,1320,1320,1320,1320,1320,1320,1320,1320,1320,1320,1320,1320,1320,1320,1320,1320,1320,1320,1320,1320,1320,1320,1320,1320,1320,1320,1320,2024,2024,2024,2024,2024,2024,2024,2024,2024,2024,2024
2024,2024,2024,2024,2024,2024,2024,2024,2024,2024,1,1,1,1,1,1,1,1,1,1,1,1,1,1,1,1,1,1,1,1,4,4,4,4,4,4,4,4,1,4,1,1,1,1,1,1,1,1,1,1,1,1,1,1,1,1,1,1,1,1,1,1,1,1,1,1,1,1,1,1,0,0,0,0,0,0,0,0,0,0,0,0,0,0,0,0,0,0,0,0,0,0,0,0,0,0,0,0,0,0,0,0,0,0,0,0,0,0,0,0,2024,2024,2024,2024,2024,2024,2024,2024,2024,2024,2024,2024,0,0,0,0,0,0,0,0,0,0,0,0,0,0,0,2024,2024,2024,2024,2024,2024,2024,2024,1320,1320,1320,1320,1320,1320,1320,1320,1320,1320,1320,1320,1320,1320,1320,1320,1320,1320,1320,1320,1320,1320,1320,1320,1320,1320,1320,1320,1320,1320,1320,1320,1320,1320,1320,1320,1320,1320,1320,1320,1320,1320,1320,1320,2024,2024,2024,2024,2024,2024,2024,2024,2024,2024,2024
2024,2024,2024,2024,2024,2024,2024,2024,2024,2024,1,1,1,1,1,1,1,1,1,1,1,1,1,1,1,1,1,1,1,1,1,1,1,1,1,1,1,1,1,1,1,1,1,1,1,1,1,1,1,1,1,1,1,1,1,1,1,1,1,1,1,1,1,1,1,1,1,1,1,1,0,0,0,0,0,0,0,0,0,0,0,0,0,0,0,0,0,0,0,0,0,0,0,0,0,0,0,0,0,0,0,0,0,0,0,0,0,0,0,0,2024,2024,2024,2024,2024,2024,2024,2024,2024,2024,2024,2024,0,0,0,0,0,0,0,0,0,0,0,0,0,0,0,2024,2024,2024,2024,2024,2024,2024,1320,1320,1320,1320,1320,1320,1320,1320,1320,1320,1320,1320,1320,1320,1320,1320,1320,1320,1320,1320,1320,1320,1320,1320,1320,1320,1320,1320,1320,1320,1320,1320,1320,1320,1320,1320,1320,1320,1320,1320,1320,1320,1320,1320,1320,1320,2024,2024,2024,2024,2024,2024,2024,2024,2024,2024
2024,2024,2024,2024,2024,2024,2024,2024,2,2,1,1,1,1,1,1,1,1,1,1,1,1,1,1,1,1,1,1,1,1,1,1,1,1,1,1,1,1,1,1,1,1,1,1,1,1,1,1,1,1,1,1,1,1,1,1,1,1,1,1,1,1,1,1,1,1,1,1,1,1,0,0,0,0,0,0,0,0,0,0,0,0,0,0,0,0,0,0,0,0,0,0,0,0,0,0,0,0,0,0,0,0,0,0,0,0,0,0,0,2024,2024,2024,2024,2024,2024,2024,2024,2024,2024,2024,2024,2024,0,0,0,0,0,0,0,0,0,0,0,0,0,0,0,2024,2024,2024,2024,2024,2024,1320,1320,1320,1320,1320,1320,1320,1320,1320,1320,1320,1320,1320,1320,1320,1320,1320,1320,1320,1320,1320,1320,1320,1320,1320,1320,1320,1320,1320,1320,1320,1320,1320,1320,1320,1320,1320,1320,1320,1320,1320,1320,1320,1320,1320,1320,1320,1320,2024,2024,2024,2024,2024,2024,2024,2024,2024
2024,2024,2024,2024,2024,2024,2,2,2,2,1,1,1,1,1,1,1,1,1,1,1,1,1,1,1,1,1,1,1,1,1,1,1,1,1,1,1,1,1,1,1,1,1,1,1,1,1,1,1,1,1,1,1,1,1,1,1,1,1,1,1,1,1,1,1,1,1,1,1,1,0,0,0,0,0,0,0,0,0,0,0,0,0,0,0,0,0,0,0,0,0,0,0,0,0,0,0,0,0,0,0,0,0,0,0,0,0,0,0,2024,2024,2024,2024,2024,2024,2024,2024,2024,2024,2024,2024,2024,0,0,0,0,0,0,0,0,0,0,0,0,0,0,0,2024,2024,2024,2024,2024,2024,1320,1320,1320,1320,1320,1320,1320,1320,1320,1320,1320,1320,1320,1320,1320,1320,1320,1320,1320,1320,1320,1320,1320,1320,1320,1320,1320,1320,1320,1320,1320,1320,1320,1320,1320,1320,1320,1320,1320,1320,1320,1320,1320,1320,1320,1320,1320,1320,2024,2024,2024,2024,2024,2024,2024,2024,2024
2024,2024,2024,2024,2024,2024,2,2,2,2,1,1,1,1,1,1,1,1,1,1,1,1,1,1,1,1,1,1,1,1,1,1,1,1,1,1,1,1,1,1,1,1,1,1,1,1,1,1,1,1,1,1,1,1,1,1,1,1,1,1,1,1,1,1,1,1,1,1,1,1,0,0,0,0,0,0,0,0,0,0,0,0,0,0,0,0,0,0,0,0,0,0,0,0,0,0,0,0,0,0,0,0,0,0,0,0,0,2024,2024,2024,2024,2024,2024,2024,2024,2024,2024,2024,2024,2024,2024,2024,0,0,0,0,0,0,0,0,0,0,0,0,0,0,2024,2024,2024,2024,2024,2024,2024,1320,1320,1320,1320,1320,1320,1320,1320,1320,1320,1320,1320,1320,1320,1320,1320,1320,1320,1320,1320,1320,1320,1320,1320,1320,1320,1320,1320,1320,1320,1320,1320,1320,1320,1320,1320,1320,1320,1320,1320,1320,1320,1320,1320,1320,1320,1320,1320,2024,2024,2024,2024,2024,2024,2024,2024,2024
2024,2024,2024,2024,2024,2024,2024,2024,2024,2024,1,1,1,1,1,1,1,1,1,1,1,1,1,1,1,1,1,1,1,1,1,1,1,1,1,1,1,1,1,1,1,1,1,1,1,1,1,1,1,1,1,1,1,1,1,1,1,1,1,1,1,1,1,1,1,1,1,1,1,1,0,0,0,0,0,0,0,0,0,0,0,0,0,0,0,0,0,0,0,0,0,0,0,0,0,0,0,0,0,0,0,0,0,0,0,0,0,2024,2024,2024,2024,2024,2024,2024,2024,2024,2024,2024,2024,2024,2024,2024,0,0,0,0,0,0,0,0,0,0,0,0,0,0,2024,2024,2024,2024,2024,2024,2024,1320,1320,1320,1320,1320,1320,1320,1320,1320,1320,1320,1320,1320,1320,1320,1320,1320,1320,1320,1320,1320,1320,1320,1320,1320,1320,1320,1320,1320,1320,1320,1320,1320,1320,1320,1320,1320,1320,1320,1320,1320,1320,1320,1320,1320,1320,1320,1320,2024,2024,2024,2024,2024,2024,2024,2024,2024
2024,2024,2024,2024,2024,2024,2024,2024,2024,2024,1,1,1,1,1,1,1,1,1,1,1,1,1,1,1,1,1,1,1,1,1,1,1,1,1,1,1,1,1,1,1,1,1,1,1,1,1,1,1,1,1,1,1,1,1,1,1,1,1,1,1,1,1,1,1,1,1,1,1,1,0,0,0,0,0,0,0,0,0,0,0,0,0,0,0,0,0,0,0,0,0,0,0,0,0,0,0,0,0,0,0,0,0,0,0,0,2024,2024,2024,2024,2024,2024,2024,2024,2024,2024,2024,2024,2024,2024,2024,2024,2024,2024,0,0,0,0,0,0,0,0,0,0,0,2024,2024,2024,2024,2024,2024,2024,2024,1320,1320,1320,1320,1320,1320,1320,1320,1320,1320,1320,1320,1320,1320,1320,1320,1320,1320,1320,1320,1320,1320,1320,1320,1320,1320,1320,1320,1320,1320,1320,1320,1320,1320,1320,1320,1320,1320,1320,1320,1320,1320,1320,1320,1320,1320,1320,2024,2024,2024,2024,2024,2024,2024,2024,2024,2024
2024,2024,2024,2024,2024,2024,2024,2024,2024,2,1,1,1,1,1,1,1,1,1,1,1,1,1,1,1,1,1,1,1,1,1,1,1,1,1,1,1,1,1,1,1,1,1,1,1,1,1,1,1,1,1,1,1,1,1,1,1,1,1,1,1,1,1,1,1,1,1,1,1,1,0,0,0,0,0,0,0,0,0,0,0,0,0,0,0,0,0,0,0,0,0,0,0,0,0,0,0,0,0,0,0,0,0,0,0,0,2024,2024,2024,2024,2024,2024,2024,2024,2024,2024,2024,2024,2024,2024,2024,2024,2024,2024,2024,0,0,0,0,0,0,0,0,2024,2024,2024,2024,2024,2024,2024,2024,2024,2024,1320,1320,1320,1320,1320,1320,1320,1320,1320,1320,1320,1320,1320,1320,1320,1320,1320,1320,1320,1320,1320,1320,1320,1320,1320,1320,1320,1320,1320,1320,1320,1320,1320,1320,1320,1320,1320,1320,1320,1320,1320,1320,1320,1320,1320,2024,2024,2024,2024,2024,2024,2024,2024,2024,2024,2024,2024
2024,2024,2024,2024,2024,2024,2024,2,2,2,1,1,1,1,1,1,1,1,1,1,1,1,1,1,1,1,1,1,1,1,1,1,1,1,1,1,1,1,1,1,1,1,1,1,1,1,1,1,1,1,1,1,1,1,1,1,1,1,1,1,1,1,1,1,1,1,1,1,1,1,0,0,0,0,0,0,0,0,0,0,0,0,0,0,0,0,0,0,0,0,0,0,0,0,0,0,0,0,0,0,0,0,0,0,0,0,2024,2024,2024,2024,2024,2024,2024,2024,2024,2024,2024,2024,2024,2024,2024,2024,2024,2024,2024,2024,2024,2024,2024,-1,-1,2024,2024,2024,2024,2024,2024,2024,2024,2024,2024,2024,2024,1320,1320,1320,1320,1320,1320,1320,1320,1320,1320,1320,1320,1320,1320,1320,1320,1320,1320,1320,1320,1320,1320,1320,1320,1320,1320,1320,1320,1320,1320,1320,1320,1320,1320,1320,1320,1320,1320,1320,1320,1320,1320,1320,1320,2024,2024,2024,2024,2024,2024,2024,2024,2024,2024,2024,2024,2024
2024,2024,2024,2024,2024,2024,2024,2,2,2,1,1,1,1,1,1,1,1,1,1,1,1,1,1,1,1,1,1,1,1,1,1,1,1,1,1,1,1,1,1,1,1,1,1,1,1,1,1,1,1,1,1,1,1,1,1,1,1,1,1,1,1,1,1,1,1,1,1,1,1,0,0,0,0,0,0,0,0,0,0,0,0,0,0,0,0,0,0,0,0,0,0,0,0,0,0,0,0,0,0,0,0,0,0,0,0,2024,2024,2024,2024,2024,2024,2024,2024,2024,2024,2024,2024,2024,2024,2024,2024,2024,2024,2024,2024,2024,2024,2024,-1,-1,2024,2024,2024,2024,2024,2024,2024,2024,2024,2024,2024,2024,1320,1320,1320,1320,1320,1320,1320,1320,1320,1320,1320,1320,1320,1320,1320,1320,1320,1320,1320,1320,1320,1320,1320,1320,1320,1320,1320,1320,1320,1320,1320,1320,1320,1320,1320,1320,1320,1320,1320,1320,1320,1320,1320,1320,2024,2024,2024,2024,2024,2024,2024,2024,2024,2024,2024,2024,2024
2024,2024,2024,2024,2024,2024,2024,2024,2024,2024,1,1,1,1,1,1,1,1,1,1,1,1,1,1,1,1,1,1,1,1,1,1,1,1,1,1,1,1,1,1,1,1,1,1,1,1,1,1,1,1,1,1,1,1,1,1,1,1,1,1,1,1,1,1,1,1,1,1,1,1,2024,2024,2024,2024,2024,2024,2024,2024,2024,2024,2024,2024,2024,2024,-1,-1,-1,2024,2024,2024,2024,2024,2024,2024,2024,2024,2024,2024,2024,2024,2024,2024,2024,2024,2024,2024,2024,2024,2024,2024,2024,2024,2024,2024,2024,2024,2024,2024,2024,2024,2024,2024,2024,2024,2024,2024,2024,2024,2024,-1,-1,2024,2024,2024,2024,2024,2024,2024,2024,2024,2024,2024,2024,2024,1320,1320,1320,1320,1320,1320,1320,1320,1320,1320,1320,1320,1320,1320,1320,1320,1320,1320,1320,1320,1320,1320,1320,1320,1320,1320,1320,1320,1320,1320,1320,1320,1320,1320,1320,1320,1320,1320,1320,1320,1320,1320,1320,2024,2024,2024,2024,2024,2024,2024,2024,2024,2024,2024,2024,2024
2024,2024,2024,2024,2024,2024,2024,2024,2024,2024,1,1,1,1,1,1,1,1,1,1,1,1,1,1,1,1,1,1,1,1,1,1,1,1,1,1,1,1,1,1,1,1,1,1,1,1,1,1,1,1,1,1,1,1,1,1,1,1,1,1,1,1,1,1,1,1,1,1,1,1,2024,2024,2024,2024,2024,2024,2024,2024,2024,2024,2024,2024,2024,2024,-1,-1,-1,2024,2024,2024,2024,2024,2024,2024,2024,2024,2024,2024,2024,2024,2024,2024,2024,2024,2024,2024,2024,2024,2024,2024,2024,2024,2024,2024,2024,2024,2024,2024,2024,2024,2024,2024,2024,2024,2024,2024,2024,2024,2024,-1,-1,2024,2024,2024,2024,2024,2024,2024,2024,2024,2024,2024,2024,2024,2024,1320,1320,1320,1320,1320,1320,1320,1320,1320,1320,1320,1320,1320,1320,1320,1320,1320,1320,1320,1320,1320,1320,1320,1320,1320,1320,1320,1320,1320,1320,1320,1320,1320,1320,1320,1320,1320,1320,2024,2024,2024,2024,2024,2024,2024,2024,2024,2024,2024,2024,2024,2024,2024,2024,2024
2024,2024,2024,2024,2024,2024,2024,2024,2024,2,1,1,1,1,1,1,1,1,1,1,1,1,1,1,1,1,1,1,1,1,1,1,1,1,1,1,1,1,1,1,1,1,1,1,1,1,1,1,1,1,1,1,1,1,1,1,1,1,1,1,1,1,1,1,1,1,1,1,1,1,2024,2024,2024,2024,2024,2024,2024,2024,2024,2024,2024,2024,2024,2024,-1,-1,-1,2024,2024,2024,2024,2024,2024,2024,2024,2024,2024,2024,2024,2024,2024,2024,2024,2024,2024,2024,2024,2024,2024,2024,2024,2024,2024,2024,2024,2024,2024,2024,2024,2024,2024,2024,2024,2024,2024,2024,2024,2024,2024,-1,-1,2024,2024,2024,2024,2024,2024,2024,2024,2024,2024,2024,2024,2024,2024,2024,2024,2024,2024,1320,1320,1320,1320,1320,1320,1320,1320,1320,1320,1320,1320,1320,1320,1320,1320,1320,1320,1320,1320,1320,1320,1320,1320,1320,1320,1320,1320,1320,1320,1320,1320,1320,1320,2024,2024,2024,2024,2024,2024,2024,2024,2024,2024,2024,2024,2024,2024,2024,2024,2024
2024,2024,2024,2024,2024,2024,2024,2024,2,2,2,2,2,2,2,2,2,2,2,2,2,2,2,2,2,2,2,2,2,2,2,2,2,2,2,2,2,2,2,2,2,2,2,2,2,2,2,2,2,2,2,2,2,2,2,2,2,2,2,2,2,2,2,2,2,2,2,2,2,2,2,2,2,2,2,2,2,2,2,2,2,2,2,2,2,2,2,2,2,2,2,2,2,2,2,2,2,2,2,2,2,2,2,2,2,2024,2024,2024,2024,2024,2024,2024,2024,2024,2024,2024,2024,2024,2024,2024,2024,2024,2024,2024,2024,2024,2024,2024,2024,-1,-1,2024,2024,2024,2024,2024,2024,2024,2024,2024,2024,2024,2024,2024,2024,2024,2024,2024,2024,2024,2024,2024,2024,2024,2024,2024,2024,2024,2024,2024,2024,2024,2024,2024,2024,2024,2024,2024,2024,2024,2024,2024,2024,2024,2024,2024,2024,2024,2024,2024,2024,2024,2024,2024,2024,2024,2024,2024,2024,2024,2024,2024,2024,2024,2024,2024,2024,2024,2024,2024
2024,2024,2024,2024,2024,2024,2024,2024,2,2,2,2,2,2,2,2,2,2,2,2,2,2,2,2,2,2,2,2,2,2,2,2,2,2,2,2,2,2,2,2,2,2,2,2,2,2,2,2,2,2,2,2,2,2,2,2,2,2,2,2,2,2,2,2,2,2,2,2,2,2,2,2,2,2,2,2,2,2,2,2,2,2,2,2,2,2,2,2,2,2,2,2,2,2,2,2,2,2,2,2,2,2,2,2,2,2,2024,2024,2024,2024,2024,2024,2024,2024,2024,2024,2024,2024,2024,2024,2024,2024,2024,2024,2024,2024,2024,2024,2024,-1,-1,2024,2024,2024,2024,2024,2024,2024,2024,2024,2024,2024,2024,2024,2024,2024,2024,2024,2024,2024,2024,2024,2024,2024,2024,2024,2024,2024,2024,2024,2024,2024,2024,2024,2024,2024,2024,2024,2024,2024,2024,2024,2024,2024,2024,2024,2024,2024,2024,2024,2024,2024,2024,2024,2024,2024,2024,2024,2024,2024,2024,2024,2024,2024,2024,2024,2024,2024,2024,2024
2024,2024,2024,2024,2024,2024,2024,2024,2,2,2,2,2,2,2,2,2,2,2,2,2,2,2,2,2,2,2,2,2,2,2,2,2,2,2,2,2,2,2,2,2,2,2,2,2,2,2,2,2,2,2,2,2,2,2,2,2,2,2,2,2,2,2,2,2,2,2,2,2,2,2,2,2,2,2,2,2,2,2,2,2,2,2,2,2,2,2,2,2,2,2,2,2,2,2,2,2,2,2,2,2,2,2,2,2,2,2,2024,2024,2024,2024,2024,2024,2024,2024,2024,2024,2024,2024,2024,2024,2024,2024,2024,2024,2024,2024,2024,2024,-1,-1,2024,2024,2024,2024,2024,2024,2024,2024,2024,2024,2024,2024,2024,2024,2024,2024,2024,2024,2024,2024,2024,2024,2024,2024,2024,2024,2024,2024,2024,2024,2024,2024,2024,2024,2024,2024,2024,2024,2024,2024,2024,2024,2024,2024,2024,2024,2024,2024,2024,2024,2024,2024,2024,2024,2024,2024,2024,2024,2024,2024,2024,2024,2024,2024,2024,2024,2024,2024,2024
2024,2024,2024,2024,2024,2024,2024,2,2,2,2,2,2,2,2,2,2,2,2,2,2,2,2,2,2,2,2,2,2,2,2,2,2,2,2,2,2,2,2,2,2,2,2,2,2,2,2,2,2,2,2,2,2,2,2,2,2,2,2,2,2,2,2,2,2,2,2,2,2,2,2,2,2,2,2,2,2,2,2,2,2,2,2,2,2,2,2,2,2,2,2,2,2,2,2,2,2,2,2,2,2,2,2,2,2,2,2,2024,2024,2024,2024,2024,2024,2024,2024,2024,2024,2024,2024,2024,2024,2024,2024,2024,2024,2024,2024,2024,2024,-1,-1,2024,2024,2024,2024,2024,2024,2024,2024,2024,2024,2024,2024,2024,2024,2024,2024,2024,2024,2024,2024,2024,2024,2024,2024,2024,2024,2024,2024,2024,2024,2024,2024,2024,2024,2024,2024,2024,2024,2024,2024,2024,2024,2024,2024,2024,2024,2024,2024,2024,2024,2024,2024,2024,2024,2024,2024,2024,2024,2024,2024,2024,2024,2024,2024,2024,2024,2024,2024,2024
2024,2024,2024,2024,2024,2024,2024,2,2,2,2,2,2,2,2,2,2,2,2,2,2,2,2,2,2,2,2,2,2,2,2,2,2,2,2,2,2,2,2,2,2,2,2,2,2,2,2,2,2,2,2,2,2,2,2,2,2,2,2,2,2,2,2,2,2,2,2,2,2,2,2,2,2,2,2,2,2,2,2,2,2,2,2,2,2,2,2,2,2,2,2,2,2,2,2,2,2,2,2,2,2,2,2,2,2,2,2024,2024,2024,2024,2024,2024,2024,2024,2024,2024,2024,2024,2024,2024,2024,2024,2024,2024,2024,2024,5,5,4,4,4,4,5,2024,2024,2024,2024,2024,2024,2024,2024,2024,2024,2024,2024,2024,2024,2024,2024,2024,2024,2024,2024,2024,2024,2024,2024,2024,2024,2024,2024,2024,2024,2024,2024,2024,2024,2024,2024,2024,2024,2024,2024,2024,2024,2024,2024,2024,2024,2024,2024,2024,2024,2024,2024,2024,2024,2024,2024,2024,2024,2024,2024,2024,2024,2024,2024,2024,2024,2024
2024,2024,2024,2024,2024,2024,2024,2,2,2,2,2,2,2,2,2,2,2,2,2,2,2,2,2,2,2,2,2,2,2,2,2,2,2,2,2,2,2,2,2,2,2,2,2,2,2,2,2,2,2,2,2,2,2,2,2,2,2,2,2,2,2,2,2,2,2,2,2,2,2,2,2,2,2,2,2,2,2,2,2,2,2,2,2,2,2,2,2,2,2,2,2,2,2,2,2,2,2,2,2,2,2,2,2,2,2,2024,2024,2024,2024,2024,2024,2024,2024,2024,2024,2024,2024,2024,2024,2024,2024,2024,2024,2024,5,5,5,4,4,4,4,5,5,5,5,2024,2024,2024,2024,2024,2024,2024,2024,2024,2024,2024,2024,2024,2024,2024,2024,2024,2024,2024,2024,2024,2024,2024,2024,2024,2024,2024,2024,2024,2024,2024,2024,2024,2024,2024,2024,2024,2024,2024,2024,2024,2024,2024,2024,2024,2024,2024,2024,2024,2024,2024,2024,2024,2024,2024,2024,2024,2024,2024,2024,2024,2024,2024,2024
2024,2024,2024,2024,2024,2024,2024,2,2,2,2,2,2,2,2,2,2,2,2,2,2,2,2,2,2,2,2,2,2,2,2,2,2,2,2,2,2,2,2,2,2,2,2,2,2,2,2,2,2,2,2,2,2,2,2,2,2,2,2,2,2,2,2,2,2,2,2,2,2,2,2,2,2,2,2,2,2,2,2,2,2,2,2,2,2,2,2,2,2,2,2,2,2,2,2,2,2,2,2,2,2,2,2,2,2,2024,2024,2024,2024,2024,2024,2024,2024,2024,2024,2024,2024,2024,2024,2024,2024,2024,2024,2024,5,5,5,5,4,4,4,4,5,5,5,5,5,2024,2024,2024,2024,2024,2024,2024,2024,2024,2024,2024,2024,2024,2024,2024,2024,2024,2024,2024,2024,2024,2024,2024,2024,2024,2024,2024,2024,2024,2024,2024,2024,2024,2024,2024,2024,2024,2024,2024,2024,2024,2024,2024,2024,2024,2024,2024,2024,2024,2024,2024,2024,2024,2024,2024,2024,2024,2024,2024,2024,2024,2024,2024
2024,2024,2024,2024,2024,2024,2024,2024,2024,2,2,2,2,2,2,2,2,2,2,2,2,2,2,2,2,2,2,2,2,2,2,2,2,2,2,2,2,2,2,2,2,2,2,2,2,2,2,2,2,2,2,2,2,2,2,2,2,2,2,2,2,2,2,2,2,2,2,2,2,2,2,2,2,2,2,2,2,2,2,2,2,2,2,2,2,2,2,2,2,2,2,2,2,2,2,2,2,2,2,2,2,2,2,2,2,2024,2024,2024,2024,2024,2024,2024,2024,2024,2024,2024,2024,2024,2024,2024,2024,2024,2024,5,5,5,5,5,5,4,4,5,5,5,5,5,5,5,5,2024,2024,2024,2024,2024,2024,2024,2024,2024,2024,5,5,5,5,5,5,5,2024,2024,2024,5,5,2024,2024,2024,2024,2024,2024,2024,2024,2024,2024,2024,5,5,5,5,449,449,449,449,5,2024,2024,2024,2024,2024,2024,2024,2024,2024,2024,2024,2024,2024,2024,2024,2024,2024,2024,2024
2024,2024,2024,2024,2024,2024,2024,2024,2024,2,2,2,2,2,2,2,2,2,2,2,2,2,2,2,2,2,2,2,2,2,2,2,2,2,2,2,2,2,2,2,2,2,2,2,2,2,2,2,2,2,2,2,2,2,2,2,2,2,2,2,2,2,2,2,2,2,2,2,2,2,2,2,2,2,2,2,2,2,2,2,2,2,2,2,2,2,2,2,2,2,2,2,2,2,2,2,2,2,2,2,2,2,2,2,2,2024,2024,2024,2024,2024,2024,2024,2024,2024,2024,2024,2024,2024,2024,2024,2024,2024,2024,5,5,5,5,5,5,5,5,5,5,5,5,5,5,5,5,5,5,5,5,2024,2024,2024,2024,2024,2024,5,5,5,5,5,5,5,5,5,5,5,5,5,2024,2024,2024,2024,2024,2024,2024,2024,5,5,5,5,5,5,449,449,449,449,5,5,2024,2024,2024,2024,2024,2024,2024,2024,2024,2024,2024,2024,2024,2024,2024,2024,2024,2024
2024,2024,2024,2024,2024,2024,2024,2024,2024,2,2,2,2,2,2,2,2,2,2,2,2,2,2,2,2,2,2,2,2,2,2,2,2,2,2,2,2,2,2,2,2,2,2,2,2,2,2,2,2,2,2,2,2,2,2,2,2,2,2,2,2,2,2,2,2,2,2,2,2,2,2,2,2,2,2,2,2,2,2,2,2,2,2,2,2,2,2,2,2,2,2,2,2,2,2,2,2,2,2,2,2,2,2,2,2,2024,2024,2024,2024,2024,2024,2024,2024,2024,2024,2024,2024,2024,2024,2024,2024,2024,2024,5,5,5,5,5,5,5,5,5,5,5,5,5,5,5,5,5,5,5,5,5,5,2024,5,5,5,5,5,5,5,5,5,5,5,5,5,5,5,5,5,5,5,5,5,5,5,5,5,5,5,5,5,5,449,449,449,449,5,5,5,5,5,5,2024,2024,2024,2024,2024,2024,2024,2024,2024,2024,2024,2024,2024,2024
2024,2024,2024,2024,2024,2024,2024,2024,2,2,2,2,2,2,2,2,2,2,2,2,2,2,2,2,2,2,2,2,2,2,2,2,2,2,2,2,2,2,2,2,2,2,2,2,2,2,2,2,2,2,2,2,2,2,2,2,2,2,2,2,2,2,2,2,2,2,2,2,2,2,2,2,2,2,2,2,2,2,2,2,2,2,2,2,2,2,2,2,2,2,2,2,2,2,2,2,2,2,2,2,2,2,2,2,2,2024,2024,2024,2024,2024,2024,2024,2024,2024,2024,2024,2024,2024,2024,2024,5,5,5,5,5,5,5,5,5,5,5,5,5,5,5,5,5,5,5,5,5,5,5,5,5,5,5,5,5,5,5,5,5,5,5,5,5,5,5,5,5,5,5,5,5,5,5,5,5,5,5,5,5,5,5,5,5,5,5,5,5,5,5,5,5,5,5,5,5,2024,2024,2024,2024,2024,2024,2024,2024,2024,2024,2024
2024,2024,2024,2024,2024,2024,2024,2,2,2,2,2,2,2,2,2,2,2,2,2,2,2,2,2,2,2,2,2,2,2,2,2,2,2,2,2,2,2,2,2,2,2,2,2,2,2,2,2,2,2,2,2,2,2,2,2,2,2,2,2,2,2,2,2,2,2,2,2,2,2,2,2,2,2,2,2,2,2,2,2,2,2,2,2,2,2,2,2,2,2,2,2,2,2,2,2,2,2,2,2,2,2,2,2,2,2024,2024,2024,2024,2024,2024,2024,2024,2024,2024,2024,2024,2024,2024,2024,5,5,5,5,5,5,5,5,5,5,5,5,5,5,5,5,5,5,5,5,5,5,5,5,5,5,5,5,5,5,5,5,5,5,5,5,5,5,5,5,5,5,5,5,5,5,5,5,5,5,5,5,5,5,5,5,5,5,5,5,5,5,5,5,5,5,5,5,5,2024,2024,2024,2024,2024,2024,2024,2024,2024,2024,2024
2024,2024,2024,2024,2024,2024,2024,2,2,2,2,2,2,2,2,2,2,2,2,2,2,2,2,2,2,2,2,2,2,2,2,2,2,2,2,2,2,2,2,2,2,2,2,2,2,2,2,2,2,2,2,2,2,2,2,2,2,2,2,2,2,2,2,2,2,2,2,2,2,2,2,2,2,2,2,2,2,2,2,2,2,2,2,2,2,2,2,2,2,2,2,2,2,2,2,2,2,2,2,2,2,2,2,2,2,2024,2024,2024,2024,2024,2024,2024,2024,2024,2024,2024,2024,2024,2024,2024,5,5,5,5,5,5,5,5,5,5,5,5,5,5,5,5,5,5,5,5,5,5,5,5,5,5,5,5,5,5,5,5,5,5,5,5,5,5,5,5,5,5,5,5,5,5,5,5,5,5,5,5,5,5,5,5,5,5,5,5,5,5,5,5,5,5,5,5,5,2024,2024,2024,2024,2024,2024,2024,2024,2024,2024,2024
2024,2024,2024,2024,2024,2024,2024,2024,2024,2024,2,2,2,2,2,2,2,2,2,2,2,2,2,2,2,2,2,2,2,2,2,2,2,2,2,2,2,2,2,2,2,2,2,2,2,2,2,2,2,2,2,2,2,2,2,2,2,2,2,2,2,2,2,2,2,2,2,2,2,2,2,2,2,2,2,2,2,2,2,2,2,2,2,2,2,2,2,2,2,2,2,2,2,2,2,2,2,2,2,2,2,2,2,2,2,2024,2024,2024,2024,2024,2024,2024,2024,2024,2024,2024,2024,2024,2024,5,5,5,5,5,5,5,5,5,5,5,5,5,5,5,5,5,5,5,5,5,5,5,5,5,5,5,5,5,5,5,5,5,5,5,5,5,5,5,5,5,5,5,5,5,5,5,5,5,5,5,5,5,5,5,5,5,5,5,5,5,5,5,5,5,5,5,5,5,5,2024,2024,2024,2024,2024,2024,2024,2024,2024,2024,2024
2024,2024,2024,2024,2024,2024,2024,2024,2024,2024,2024,2024,2024,2024,2024,2024,2024,2024,2,2,2,2,2,2,2,2,2,2,2,2,2,2,2,2,2,2,2,2,2,2,2,2,2,2,2,2,2,2,2,2,2,2,2,2,2,2,2,2,2,2,2,2,2,2,2,2,2,2,2,2,2,2,2,2,2,2,2,2,2,2,2,2,2,2,2,2,2,2,2,2,2,2,2,2,2,2,2,2,2,2,2,2,2,2,2,2024,2024,2024,2024,2024,2024,2024,2024,2024,2024,2024,2024,2024,2024,5,5,5,5,5,5,5,5,5,5,5,5,5,5,5,5,5,5,5,5,5,5,5,5,5,5,5,5,5,5,5,5,5,5,5,5,5,5,5,5,5,5,5,5,5,5,5,5,5,5,5,5,5,5,5,5,5,5,5,5,5,5,5,5,5,5,5,5,5,5,5,2024,2024,2024,2024,2024,2024,2024,2024,2024,2024
2024,2024,2024,2024,2024,2024,2024,2024,2024,2024,2024,2024,2024,2024,2024,2024,2024,2024,2,2,2,2,2,2,2,2,2,2,2,2,2,2,2,2,2,2,2,2,2,2,2,2,2,2,2,2,2,2,2,2,2,2,2,2,2,2,2,2,2,2,2,2,2,2,2,2,2,2,2,2,2,2,2,2,2,2,2,2,2,2,2,2,2,2,2,2,2,2,2,2,2,2,2,2,2,2,2,2,2,2,2,2,2,2,2,2024,2024,2024,2024,2024,2024,2024,2024,2024,2024,2024,2024,2024,2024,5,5,5,5,5,5,5,5,5,5,5,5,5,5,5,5,5,5,5,5,5,5,5,5,5,5,5,5,5,5,5,5,5,5,5,5,5,5,5,5,5,5,5,5,5,5,5,5,5,5,5,5,5,5,5,5,5,5,5,5,5,5,5,5,5,5,5,5,5,5,5,5,2024,2024,2024,2024,2024,2024,2024,2024,2024
2024,2024,2024,2024,2024,2024,2024,2024,2024,2024,2024,2024,2024,2024,2024,2024,2024,2024,2024,2,2,2,2,2,2,2,2,2,2,2,2,2,2,2,2,2,2,2,2,2,2,2,2,2,2,2,2,2,2,2,2,2,2,2,2,2,2,2,2,2,2,2,2,2,2,2,2,2,2,2,2,2,2,2,2,2,2,2,2,2,2,2,2,2,2,2,2,2,2,2,2,2,2,2,2,2,2,2,2,2,2,2,2,2,2,2024,2024,2024,2024,2024,2024,2024,2024,2024,2024,2024,2024,2024,5,5,5,5,5,5,5,5,5,5,5,5,5,5,5,5,5,5,5,5,5,5,5,5,5,5,5,5,5,5,5,5,5,5,5,5,5,5,5,5,5,5,5,5,5,5,5,5,5,5,5,5,5,5,5,5,5,5,5,5,5,5,5,5,5,5,5,5,5,5,5,5,5,2024,2024,2024,2024,2024,2024,2024,2024,2024
2024,2024,2024,2024,2024,2024,2024,2024,2024,2024,2024,2024,2024,2024,2024,2024,2024,2024,2024,2024,2024,2024,2024,2024,2,2,2,2,2,2,2,2,2,2,2,2,2,2,2,2,2,2,2,2,2,2,2,2,2,2,2,2,2,2,2,2,2,2,2,2,2,2,2,2,2,2,2,2,2,2,2,2,2,2,2,2,2,2,2,2,2,2,2,2,2,2,2,2,2,2,2,2,2,2,2,2,2,2,2,2,2,2,2,2,2,2024,2024,2024,2024,2024,2024,2024,2024,2024,2024,2024,2024,5,5,5,5,5,5,5,5,5,5,5,5,5,5,5,5,5,5,5,5,5,5,5,5,5,5,5,5,5,5,5,5,5,5,5,5,5,5,5,5,5,5,5,5,5,5,5,5,5,5,5,5,5,5,5,5,5,5,5,5,5,5,5,5,5,5,5,5,5,5,5,5,5,5,2024,2024,2024,2024,2024,2024,2024,2024,2024
2024,2024,2024,2024,2024,2024,2024,2024,2024,2024,2024,2024,2024,2024,2024,2024,2024,2024,2024,2024,2024,2024,2024,2024,2,2,2,2,2,2,2,2,2,2,2,2,2,2,2,2,2,2,2,2,2,2,2,2,2,2,2,2,2,2,2,2,2,2,2,2,2,2,2,2,2,2,2,2,2,2,2,2,2,2,2,2,2,2,2,2,2,2,2,2,2,2,2,2,2,2,2,2,2,2,2,2,2,2,2,2,2,2,2,2,2,2024,2024,2024,2024,2024,2024,2024,2024,2024,2024,2024,2024,5,5,5,5,5,5,5,5,5,5,5,5,5,5,5,5,5,5,5,5,5,5,5,5,5,5,5,5,5,5,5,5,5,5,5,5,5,5,5,5,5,5,5,5,5,5,5,5,5,5,5,5,5,5,5,5,5,5,5,5,5,5,5,5,5,5,5,5,5,5,5,5,5,5,2024,2024,2024,2024,2024,2024,2024,2024,2024
2024,2024,2024,2024,2024,2024,2024,2024,2024,2024,2024,2024,2024,2024,2024,2024,2024,2024,2024,2024,2024,2024,2024,2024,2024,2024,2,2,2,2,2,2,2,2,2,2,2,2,2,2,2,2,2,2,2,2,2,2,2,2,2,2,2,2,2,2,2,2,2,2,2,2,2,2,2,2,2,2,2,2,2,2,2,2,2,2,2,2,2,2,2,2,2,2,2,2,2,2,2,2,2,2,2,2,2,2,2,2,2,2,2,2,2,2,2,2024,2024,2024,2024,2024,2024,2024,2024,2024,2024,2024,2024,5,5,5,5,5,5,5,5,5,5,5,5,5,5,5,5,5,5,5,5,5,5,5,5,5,5,5,5,5,5,5,5,5,5,5,5,5,5,5,5,5,5,5,5,5,5,5,5,5,5,5,5,5,5,5,5,5,5,5,5,5,5,5,5,5,5,5,5,5,5,5,5,5,5,5,2024,2024,2024,2024,2024,2024,2024,2024
2024,2024,2024,2024,2024,2024,2024,2024,2024,2024,2024,2024,2024,2024,2024,2024,2024,2024,2024,2024,2024,2024,2024,2024,2024,2024,2024,2024,2,2,2,2,2,2,2,2,2,2,2,2,2,2,2,2,2,2,2,2,2,2,2,2,2,2,2,2,2,2,2,2,2,2,2,2,2,2,2,2,2,2,2,2,2,2,2,2,2,2,2,2,2,2,2,2,2,2,2,2,2,2,2,2,2,2,2,2,2,2,2,2,2,2,2,2,2,2024,2024,2024,2024,2024,2024,2024,2024,2024,2024,2024,2024,5,5,5,5,5,5,5,5,5,5,5,5,5,5,5,5,5,5,5,5,5,5,5,5,5,5,5,5,5,5,5,5,5,5,5,5,5,5,5,5,5,5,5,5,5,5,5,5,5,5,5,5,5,5,5,5,5,5,5,5,5,5,5,5,5,5,5,5,5,5,5,5,5,5,5,2024,2024,2024,2024,2024,2024,2024,2024
2024,2024,2024,2024,2024,2024,2024,2024,2024,2024,2024,2024,2024,2024,2024,2024,2024,2024,2024,2024,2024,2024,2024,2024,2024,2024,2024,2024,2024,2024,2024,2,2,2,2,2,2,2,2,2,2,2,2,2,2,2,2,2,2,2,2,2,2,2,2,2,2,2,2,2,2,2,2,2,2,2,2,2,2,2,2,2,2,2,2,2,2,2,2,2,2,2,2,2,2,2,2,2,2,2,2,2,2,2,2,2,2,2,2,2,2,2,2,2,2,2024,2024,2024,2024,2024,2024,2024,2024,2024,2024,2024,2024,5,5,5,5,5,5,5,5,5,5,5,5,5,5,5,5,5,5,5,5,5,5,5,5,5,5,5,5,5,5,5,5,5,5,5,5,5,5,5,5,5,5,5,5,5,5,5,5,5,5,5,5,5,5,5,5,5,5,5,5,5,5,5,5,5,5,5,5,5,5,5,5,5,5,5,2024,2024,2024,2024,2024,2024,2024,2024
2024,2024,2024,2024,2024,2024,2024,2024,2024,2024,2024,2024,2024,2024,2024,2024,2024,2024,2024,2024,2024,2024,2024,2024,2024,2024,2024,2024,2024,2024,2024,2,2,2,2,2,2,2,2,2,2,2,2,2,2,2,2,2,2,2,2,2,2,2,2,2,2,2,2,2,2,2,2,2,2,2,2,2,2,2,2,2,2,2,2,2,2,2,2,2,2,2,2,2,2,2,2,2,2,2,2,2,2,2,2,2,2,2,2,2,2,2,2,2,2,2024,2024,2024,2024,2024,2024,2024,2024,2024,2024,2024,2024,5,5,5,5,5,5,5,5,5,5,5,5,5,5,5,5,5,5,5,5,5,5,5,5,5,5,5,5,5,5,5,5,5,5,5,5,5,5,5,5,5,5,5,5,5,5,5,5,5,5,5,5,5,5,5,5,5,5,5,5,5,5,5,5,5,5,5,5,5,5,5,5,5,5,5,2024,2024,2024,2024,2024,2024,2024,2024
2024,2024,2024,2024,2024,2024,2024,2024,2024,2024,2024,2024,2024,2024,2024,2024,2024,2024,2024,2024,2024,2024,2024,2024,2024,2024,2024,2024,2024,2024,2024,2,2,2,2,2,2,2,2,2,2,2,2,2,2,2,2,2,2,2,2,2,2,2,2,2,2,2,2,2,2,2,2,2,2,2,2,2,2,2,2,2,2,2,2,2,2,2,2,2,2,2,2,2,2,2,2,2,2,2,2,2,2,2,2,2,2,2,2,2,2,2,2,2,2,2024,2024,2024,2024,2024,2024,2024,2024,2024,2024,2024,2024,5,5,5,5,5,5,5,5,5,5,5,5,5,5,5,5,5,5,5,5,5,5,5,5,5,5,5,5,5,5,5,5,5,5,5,5,5,5,5,5,5,5,5,5,5,5,5,5,5,5,5,5,5,5,5,5,5,5,5,5,5,5,5,5,5,5,5,5,5,5,5,5,5,2024,2024,2024,2024,2024,2024,2024,2024,2024,2024
2024,2024,2024,2024,2024,2024,2024,2024,2024,2024,2024,2024,2024,2024,2024,2024,2024,2024,2024,2024,2024,2024,2024,2024,2024,2024,2024,2024,2024,2024,2024,2,2,2,2,2,2,2,2,2,2,2,2,2,2,2,2,2,2,2,2,2,2,2,2,2,2,2,2,2,2,2,2,2,2,2,2,2,2,2,2,2,2,2,2,2,2,2,2,2,2,2,2,2,2,2,2,2,2,2,2,2,2,2,2,2,2,2,2,2,2,2,2,2,2,2024,2024,2024,2024,2024,2024,2024,2024,2024,2024,2024,2024,5,5,5,5,5,5,5,5,5,5,5,5,5,5,5,5,5,5,5,5,5,5,5,5,5,5,5,5,5,5,5,5,5,5,5,5,5,5,5,5,5,5,5,6,5,5,5,5,5,5,5,5,5,5,5,5,5,5,5,5,5,5,5,5,5,5,5,5,5,5,5,5,2024,2024,2024,2024,2024,2024,2024,2024,2024,2024,2024
2024,2024,2024,2024,2024,2024,2024,2024,2024,2024,2024,2024,2024,2024,2024,2024,2024,2024,2024,2024,2024,2024,2024,2024,2024,2024,2024,2024,2024,2024,2024,2,2,2,2,2,2,2,2,2,2,2,2,2,2,2,2,2,2,2,2,2,2,2,2,2,2,2,2,2,2,2,2,2,2,2,2,2,2,2,2,2,2,2,2,2,2,2,2,2,2,2,2,2,2,2,2,2,2,2,2,2,2,2,2,2,2,2,2,2,2,2,2,2,2,2024,2024,2024,2024,2024,2024,2024,2024,2024,2024,2024,2024,5,5,5,5,5,5,5,5,5,5,5,5,5,5,5,5,5,5,5,5,5,5,5,5,5,5,5,5,5,5,5,5,5,5,5,5,5,5,5,5,5,5,5,5,5,5,5,5,5,5,5,5,5,5,5,5,5,5,5,5,5,5,5,5,5,5,5,5,5,5,5,5,2024,2024,2024,2024,2024,2024,2024,2024,2024,2024,2024
2024,2024,2024,2024,2024,2024,2024,2024,2024,2024,2024,2024,2024,2024,2024,2024,2024,2024,2024,2024,2024,2024,2024,2024,2024,2024,2024,2024,2024,2024,2024,2,2,2,2,2,2,2,2,2,2,2,2,2,2,2,2,2,2,2,2,2,2,2,2,2,2,2,2,2,2,2,2,2,2,2,2,2,2,2,2,2,2,2,2,2,2,2,2,2,2,2,2,2,2,2,2,2,2,2,2,2,2,2,2,2,2,2,2,2,2,2,2,2,2,2024,2024,2024,2024,2024,2024,2024,2024,2024,2024,2024,2024,5,5,5,5,5,5,5,5,5,5,5,5,5,5,5,5,5,5,5,5,5,5,5,5,5,5,5,5,5,5,5,5,5,5,5,5,5,5,5,5,5,5,5,5,5,5,5,5,5,5,5,5,5,5,5,5,5,5,5,5,5,5,5,5,5,5,5,5,5,5,5,5,5,2024,2024,2024,2024,2024,2024,2024,2024,2024,2024
2024,2024,2024,2024,2024,2024,2024,2024,2024,2024,2024,2024,2024,2024,2024,2024,2024,2024,2024,2024,2024,2024,2024,2024,2024,2024,2024,2024,2024,2024,2024,2,2,2,2,2,2,2,2,2,2,2,2,2,2,2,2,2,2,2,2,2,2,2,2,2,2,2,2,2,2,2,2,2,2,2,2,2,2,2,2,2,2,2,2,2,2,2,2,2,2,2,2,2,2,2,2,2,2,2,2,2,2,2,2,2,2,2,2,2,2,2,2,2,2,2,2024,2024,2024,2024,2024,2024,2024,2024,2024,2024,2024,5,5,5,5,5,5,5,2024,2024,2024,2024,2024,2024,2024,2024,2024,5,5,5,5,5,5,5,5,5,5,5,5,5,5,5,5,5,5,5,5,5,5,5,5,5,5,5,5,5,5,5,5,5,5,5,5,5,5,5,5,5,5,5,5,5,5,5,5,5,5,5,5,5,5,5,5,5,2024,2024,2024,2024,2024,2024,2024,2024,2024,2024
2024,2024,2024,2024,2024,2024,2024,2024,2024,2024,2024,2024,2024,2024,2024,2024,2024,2024,2024,2024,2024,2024,2024,2024,2024,2024,2024,2024,2024,2024,2024,2,2,2,2,2,2,2,2,2,2,2,2,2,2,2,2,2,2,2,2,2,2,2,2,2,2,2,2,2,2,2,2,2,2,2,2,2,2,2,2,2,2,2,2,2,2,2,2,2,2,2,2,2,2,2,2,2,2,2,2,2,2,2,2,2,2,2,2,2,2,2,2,2,2,2,2,2024,2024,2024,2024,2024,2024,2024,2024,2024,2024,5,5,5,5,5,5,2024,2024,2024,2024,2024,2024,2024,2024,2024,2024,2024,5,5,5,5,5,5,5,5,5,5,5,5,5,5,5,5,5,5,5,5,5,5,5,5,5,5,5,5,5,5,5,5,5,5,5,5,5,5,5,5,6,5,5,5,5,5,5,5,5,5,5,5,5,5,5,5,2024,2024,2024,2024,2024,2024,2024,2024,2024,2024
2024,2024,2024,2024,2024,2024,2024,2024,2024,2024,2024,2024,2024,2024,2024,2024,2024,2024,2024,2024,2024,2024,2024,2024,2024,2024,2024,2024,2024,2024,2024,2,2,2,2,2,2,2,2,2,2,2,2,2,2,2,2,2,2,2,2,2,2,2,2,2,2,2,2,2,2,2,2,2,2,2,2,2,2,2,2,2,2,2,2,2,2,2,2,2,2,2,2,2,2,2,2,2,2,2,2,2,2,2,2,2,2,2,2,2,2,2,2,2,2,2,2,2024,2024,2024,2024,2024,2024,2024,2024,2024,5,5,5,5,5,5,2024,2024,2024,5,5,5,5,5,5,5,2024,2024,5,5,5,5,5,5,5,5,5,5,5,5,5,5,5,5,5,5,5,5,5,5,5,5,5,5,5,5,5,5,5,5,5,5,5,5,5,5,5,5,5,5,5,5,5,5,5,5,5,5,5,5,5,5,5,2024,2024,2024,2024,2024,2024,2024,2024,2024,2024,2024
2024,2024,2024,2024,2024,2024,2024,2024,2024,2024,2024,2024,2024,2024,2024,2024,2024,2024,2024,2024,2024,2024,2024,2024,2024,2024,2024,2024,2024,2024,2024,2024,2,2,2,2,2,2,2,2,2,2,2,2,2,2,2,2,2,2,2,2,2,2,2,2,2,2,2,2,2,2,2,2,2,2,2,2,2,2,2,2,2,2024,2024,2024,2024,2024,2024,2024,2024,2024,2,2,2,2,2,2,2,2,2,2,2,2,2,2,2,2,2,2,2,2,2,2,2,2,2024,2024,2024,2024,2024,2024,2024,2024,2024,2024,5,5,5,5,5,2024,2024,2024,5,5,5,5,5,5,5,5,5,2024,2024,5,5,5,5,5,5,5,5,5,5,5,5,5,5,5,5,5,5,5,5,5,5,5,5,5,5,5,5,5,5,5,5,5,5,5,5,5,5,5,5,5,5,5,5,5,5,5,5,5,5,5,5,5,5,2024,2024,2024,2024,2024,2024,2024,2024,2024,2024,2024
2024,2024,2024,2024,2024,2024,2024,2024,2024,2024,2024,2024,2024,2024,2024,2024,2024,2024,2024,2024,2024,2024,2024,2024,2024,2024,2024,2024,2024,2024,2024,2024,2024,2024,2,2,2,2,2,2,2,2,2,2,2,2,2,2,2,2,2,2,2,2,2,2,2,2,2,2,2,2,2,2,2,2,2,2,2,2,2,2,2024,2024,2024,2024,2024,2024,2024,2024,2024,2024,2024,2,2,2,2,2,2,2,2,2,2,2,2,2,2,2024,2024,2024,2024,2024,2,2,2,2,2024,2024,2024,2024,2024,2024,2024,2024,2024,2024,5,5,5,5,5,2024,2024,5,5,5,5,5,5,5,5,5,5,2024,2024,5,5,5,5,5,5,5,5,5,5,5,5,5,5,5,5,5,5,5,5,5,5,5,5,5,5,5,5,5,5,5,5,5,5,5,5,5,5,5,5,5,5,5,5,5,5,5,5,5,5,5,5,2024,2024,2024,2024,2024,2024,2024,2024,2024,2024,2024,2024,2024
2024,2024,2024,2024,2024,2024,2024,2024,2024,2024,2024,2024,2024,2024,2024,2024,2024,2024,2024,2024,2024,2024,2024,2024,2024,2024,2024,2024,2024,2024,2024,2024,2024,2024,2024,2024,2024,2024,2,2,2,2,2,2,2,2,2,2,2,2,2,2,2,2,2,2,2,2,2,2,2,2,2,2,2,2,2,2024,2024,2024,2,2024,2024,2024,2024,2024,2024,2024,2024,2024,2024,2024,2024,2024,2024,2,2,2,2,2,2,2,2,2,2,2,2024,2024,2024,2024,2024,2024,2024,2024,2024,2024,2024,2024,2024,2024,2024,2024,2024,2024,2024,5,5,5,5,2024,2024,2024,5,5,5,5,5,5,5,5,5,5,5,2024,2024,5,5,5,5,5,5,5,5,5,5,5,5,5,5,5,5,5,5,5,5,5,5,5,5,5,5,5,5,5,5,5,5,5,5,5,5,5,5,5,5,5,5,5,5,5,5,5,5,5,5,5,2024,2024,2024,2024,2024,2024,2024,2024,2024,2024,2024,2024,2024,2024
2024,2024,2024,2024,2024,2024,2024,2024,2024,2024,2024,2024,2024,2024,2024,2024,2024,2024,2024,2024,2024,2024,2024,2024,2024,2024,2024,2024,2024,2024,2024,2024,2024,2024,2024,2024,2024,2024,2024,2024,2024,2024,2024,2024,2024,2024,2024,2,2,2,2,2,2,2,2,2,2,2,2,2,2,2,2,2,2024,2024,2024,2024,2024,2024,2024,2024,2024,2024,2024,2024,2024,2024,2024,2024,2024,2024,2024,2024,2024,2024,2,2,2,2,2,2,2,2,2,2024,2024,2024,2024,2024,2024,2024,2024,2024,2024,2024,2024,2024,2024,2024,2024,2024,2024,2024,2024,5,5,5,5,2024,2024,2024,5,5,5,5,5,5,5,5,5,5,5,2024,2024,5,5,5,5,5,5,5,5,5,5,5,5,5,5,5,5,5,5,5,5,5,5,5,5,5,5,5,5,5,5,5,5,5,5,5,5,5,5,5,5,5,5,5,5,5,5,5,5,5,2024,2024,2024,2024,2024,2024,2024,2024,2024,2024,2024,2024,2024,2024,2024,2024
2024,2024,2024,2024,2024,2024,2024,2024,2024,2024,2024,2024,2024,2024,2024,2024,2024,2024,2024,2024,2024,2024,2024,2024,2024,2024,2024,2024,2024,2024,2024,2024,2024,2024,2024,2024,2024,2024,2024,2024,2024,2024,2024,2024,2024,2024,2024,2,2,2,2,2,2,2,2,2,2,2,2,2,2,2,2024,2024,2024,2024,2024,2024,2024,2024,2024,2024,2024,2024,2024,2024,2024,2024,2024,2024,2024,2024,2024,2024,2024,2,2,2,2,2,2,2,2,2,2024,2024,2024,2024,2024,2024,2024,2024,2024,2024,2024,2024,2024,2024,2024,2024,2024,2024,2024,2024,2024,5,5,5,5,2024,2024,5,5,5,5,5,5,5,5,5,5,5,5,2024,2024,5,5,5,5,5,5,2024,2024,2024,2024,2024,5,5,5,5,5,5,5,5,5,5,5,5,5,5,5,5,5,5,5,5,5,5,5,5,5,5,5,5,5,5,5,5,5,5,5,5,5,5,2024,2024,2024,2024,2024,2024,2024,2024,2024,2024,2024,2024,2024,2024,2024,2024
2024,2024,2024,2024,2024,2024,2024,2024,2024,2024,2024,2024,2024,2024,2024,2024,2024,2024,2024,2024,2024,2024,2024,2024,2024,2024,2024,2024,2024,2024,2024,2024,2024,2024,2024,2024,2024,2024,2024,2024,2024,2024,2024,2024,2024,2024,2024,2024,2024,2024,2,2,2,2,2,2,2,2,2,2,2024,2024,2024,2024,2024,2024,2024,2024,2024,2024,2024,2024,2024,2024,2024,2024,2024,2024,2024,2024,2024,2024,2024,2024,2024,2,2,2,2,2,2,2,2,2,2024,2024,2024,2024,2024,2024,2024,2024,2024,2024,2024,2024,2024,2024,2024,2024,2024,2024,2024,2024,2024,2024,2024,5,5,2024,2024,5,5,5,5,5,5,5,5,5,5,2024,2024,2024,2024,2024,2024,2024,5,5,5,2024,2024,2024,2024,2024,2024,2024,2024,5,5,5,5,5,5,5,5,2024,2024,2024,2024,2024,2024,2024,2024,2024,2024,2024,2024,2024,2024,2024,2024,2024,5,5,5,5,5,5,5,5,2024,2024,2024,2024,2024,2024,2024,2024,2024,2024,2024,2024,2024,2024,2024,2024,2024,2024
2024,2024,2024,2024,2024,2024,2024,2024,2024,2024,2024,2024,2024,2024,2024,2024,2024,2024,2024,2024,2024,2024,2024,2024,2024,2024,2024,2024,2024,2024,2024,2024,2024,2024,2024,2024,2024,2024,2024,2024,2024,2024,2024,2024,2024,2024,2024,2024,2024,2024,2,2,2,2,2,2,2,2,2,2,2024,2024,2024,2024,2024,2024,2024,2024,2024,2024,2024,2024,2024,2024,2024,2024,2024,2024,2024,2024,2024,2024,2024,2024,2024,2,2,2,2,2,2,2,2,2,2,2,2,2,2,2024,2024,2024,2024,2024,2024,2024,2024,2024,2024,2024,2024,2024,2024,2024,2024,2024,2024,2024,5,2024,2024,5,5,5,5,5,5,5,5,5,2024,2024,2024,2024,2024,2024,2024,2024,2024,5,2024,2024,2024,2024,2024,2024,2024,2024,2024,2024,2024,2024,2024,2024,2024,2024,2024,2024,2024,2024,2024,2024,2024,2024,2024,2024,2024,2024,2024,2024,2024,2024,2024,2024,2024,2024,5,5,5,2024,2024,2024,2024,2024,2024,2024,2024,2024,2024,2024,2024,2024,2024,2024,2024,2024,2024,2024,2024,2024
2024,2024,2024,2024,2024,2024,2024,2024,2024,2024,2024,2024,2024,2024,2024,2024,2024,2024,2024,2024,2024,2024,2024,2024,2024,2024,2024,2024,2024,2024,2024,2024,2024,2024,2024,2024,2024,2024,2024,2024,2024,2024,2024,2024,2024,2024,2024,2024,2024,2024,2024,2024,2024,2024,2024,2024,2024,2024,2024,2024,2024,2024,2024,2024,2024,2024,2024,2024,2024,2024,2024,2024,2024,2024,2024,2024,2024,2024,2024,2024,2024,2024,2024,2024,2024,2024,2,2,2,2,2,2,2,2,2,2,2,2,2,2024,2024,2024,2024,2024,2024,2024,2024,2024,2024,2024,2024,2024,2024,2024,2024,2024,2024,2024,2024,2024,2024,2024,2024,2024,2024,2024,2024,2024,2024,2024,2024,2024,2024,2024,2024,2024,2024,2024,2024,2024,2024,2024,2024,2024,2024,2024,2024,2024,2024,2024,2024,2024,2024,2024,2024,2024,2024,2024,2024,2024,2024,2024,2024,2024,2024,2024,2024,2024,2024,2024,2024,2024,2024,2024,2024,2024,2024,2024,2024,2024,2024,2024,2024,2024,2024,2024,2024,2024,2024,2024,2024,2024,2024,2024,2024,2024,2024,2024,2024,2024
2024,2024,2024,2024,2024,2024,2024,2024,2024,2024,2024,2024,2024,2024,2024,2024,2024,2024,2024,2024,2024,2024,2024,2024,2024,2024,2024,2024,2024,2024,2024,2024,2024,2024,2024,2024,2024,2024,2024,2024,2024,2024,2024,2024,2024,2024,2024,2024,2024,2024,2024,2024,2024,2024,2024,2024,2024,2024,2024,2024,2024,2024,2024,2024,2024,2024,2024,2024,2024,2024,2024,2024,2024,2024,2024,2024,2024,2024,2024,2024,2024,2024,2024,2024,2024,2024,2,2,2,2,2,2,2,2,2,2,2,2,2,2024,2024,2024,2024,2024,2024,2024,2024,2024,2024,2024,2024,2024,2024,2024,2024,2024,2024,2024,2024,2024,2024,2024,2024,2024,2024,2024,2024,2024,2024,2024,2024,2024,2024,2024,2024,2024,2024,2024,2024,2024,2024,2024,2024,2024,2024,2024,2024,2024,2024,2024,2024,2024,2024,2024,2024,2024,2024,2024,2024,2024,2024,2024,2024,2024,2024,2024,2024,2024,2024,2024,2024,2024,2024,2024,2024,2024,2024,2024,2024,2024,2024,2024,2024,2024,2024,2024,2024,2024,2024,2024,2024,2024,2024,2024,2024,2024,2024,2024,2024,2024
2024,2024,2024,2024,2024,2024,2024,2024,2024,2024,2024,2024,2024,2024,2024,2024,2024,2024,2024,2024,2024,2024,2024,2024,2024,2024,2024,2024,2024,2024,2024,2024,2024,2024,2024,2024,2024,2024,2024,2024,2024,2024,2024,2024,2024,2024,2024,2024,2024,2024,2024,2024,2024,2024,2024,2024,2024,2024,2024,2024,2024,2024,2024,2024,2024,2024,2024,2024,2024,2024,2024,2024,2024,2024,2024,2024,2024,2024,2024,2024,2024,2024,2024,2024,2024,2024,2,2,2,2,2,2,2,2,2,2,2,2,2,2024,2024,2024,2024,2024,2024,2024,2024,2024,2024,2024,2024,2024,2024,2024,2024,2024,2024,2024,2024,2024,2024,2024,2024,2024,2024,2024,2024,2024,2024,2024,2024,2024,2024,2024,2024,2024,2024,2024,2024,2024,2024,2024,2024,2024,2024,2024,2024,2024,2024,2024,2024,2024,2024,2024,2024,2024,2024,2024,2024,2024,2024,2024,2024,2024,2024,2024,2024,2024,2024,2024,2024,2024,2024,2024,2024,2024,2024,2024,2024,2024,2024,2024,2024,2024,2024,2024,2024,2024,2024,2024,2024,2024,2024,2024,2024,2024,2024,2024,2024,2024
2024,2024,2024,2024,2024,2024,2024,2024,2024,2024,2024,2024,2024,2024,2024,2024,2024,2024,2024,2024,2024,2024,2024,2024,2024,2024,2024,2024,2024,2024,2024,2024,2024,2024,2024,2024,2024,2024,2024,2024,2024,2024,2024,2024,2024,2024,2024,2024,2024,2024,2024,2024,2024,2024,2024,2024,2024,2024,2024,2024,2024,2024,2024,2024,2024,2024,2024,2024,2024,2024,2024,2024,2024,2024,2024,2024,2024,2024,2024,2024,2024,2024,2024,2024,2024,2024,2024,2,2,2,2,2,2,2,2,2,2,2,2024,2024,2024,2024,2024,2024,2024,2024,2024,2024,2024,2024,2024,2024,2024,2024,2024,2024,2024,2024,2024,2024,2024,2024,2024,2024,2024,2024,2024,2024,2024,2024,2024,2024,2024,2024,2024,2024,2024,2024,2024,2024,2024,2024,2024,2024,2024,2024,2024,2024,2024,2024,2024,2024,2024,2024,2024,2024,2024,2024,2024,2024,2024,2024,2024,2024,2024,2024,2024,2024,2024,2024,2024,2024,2024,2024,2024,2024,2024,2024,2024,2024,2024,2024,2024,2024,2024,2024,2024,2024,2024,2024,2024,2024,2024,2024,2024,2024,2024,2024,2024,2024
2024,2024,2024,2024,2024,2024,2024,2024,2024,2024,2024,2024,2024,2024,2024,2024,2024,2024,2024,2024,2024,2024,2024,2024,2024,2024,2024,2024,2024,2024,2024,2024,2024,2024,2024,2024,2024,2024,2024,2024,2024,2024,2024,2024,2024,2024,2024,2024,2024,2024,2024,2024,2024,2024,2024,2024,2024,2024,2024,2024,2024,2024,2024,2024,2024,2024,2024,2024,2024,2024,2024,2024,2024,2024,2024,2024,2024,2024,2024,2024,2024,2024,2024,2024,2024,2024,2024,2024,2,2,2,2,2,2,2,2,2,2024,2024,2024,2024,2024,2024,2024,2024,2024,2024,2024,2024,2024,2024,2024,2024,2024,2024,2024,2024,2024,2024,2024,2024,2024,2024,2024,2024,2024,2024,2024,2024,2024,2024,2024,2024,2024,2024,2024,2024,2024,2024,2024,2024,2024,2024,2024,2024,2024,2024,2024,2024,2024,2024,2024,2024,2024,2024,2024,2024,2024,2024,2024,2024,2024,2024,2024,2024,2024,2024,2024,2024,2024,2024,2024,2024,2024,2024,2024,2024,2024,2024,2024,2024,2024,2024,2024,2024,2024,2024,2024,2024,2024,2024,2024,2024,2024,2024,2024,2024,2024,2024,2024
2024,2024,2024,2024,2024,2024,2024,2024,2024,2024,2024,2024,2024,2024,2024,2024,2024,2024,2024,2024,2024,2024,2024,2024,2024,2024,2024,2024,2024,2024,2024,2024,2024,2024,2024,2024,2024,2024,2024,2024,2024,2024,2024,2024,2024,2024,2024,2024,2024,2024,2024,2024,2024,2024,2024,2024,2024,2024,2024,2024,2024,2024,2024,2024,2024,2024,2024,2024,2024,2024,2024,2024,2024,2024,2024,2024,2024,2024,2024,2024,2024,2024,2024,2024,2024,2024,2024,2024,2024,2024,2024,2024,2024,2024,2024,2024,2024,2024,2024,2024,2024,2024,2024,2024,2024,2024,2024,2024,2024,2024,2024,2024,2024,2024,2024,2024,2024,2024,2024,2024,2024,2024,2024,2024,2024,2024,2024,2024,2024,2024,2024,2024,2024,2024,2024,2024,2024,2024,2024,2024,2024,2024,2024,2024,2024,2024,2024,2024,2024,2024,2024,2024,2024,2024,2024,2024,2024,2024,2024,2024,2024,2024,2024,2024,2024,2024,2024,2024,2024,2024,2024,2024,2024,2024,2024,2024,2024,2024,2024,2024,2024,2024,2024,2024,2024,2024,2024,2024,2024,2024,2024,2024,2024,2024,2024,2024,2024,2024,2024,2024
2024,2024,2024,2024,2024,2024,2024,2024,2024,2024,2024,2024,2024,2024,2024,2024,2024,2024,2024,2024,2024,2024,2024,2024,2024,2024,2024,2024,2024,2024,2024,2024,2024,2024,2024,2024,2024,2024,2024,2024,2024,2024,2024,2024,2024,2024,2024,2024,2024,2024,2024,2024,2024,2024,2024,2024,2024,2024,2024,2024,2024,2024,2024,2024,2024,2024,2024,2024,2024,2024,2024,2024,2024,2024,2024,2024,2024,2024,2024,2024,2024,2024,2024,2024,2024,2024,2024,2024,2024,2024,2024,2024,2024,2024,2024,2024,2024,2024,2024,2024,2024,2024,2024,2024,2024,2024,2024,2024,2024,2024,2024,2024,2024,2024,2024,2024,2024,2024,2024,2024,2024,2024,2024,2024,2024,2024,2024,2024,2024,2024,2024,2024,2024,2024,2024,2024,2024,2024,2024,2024,2024,2024,2024,2024,2024,2024,2024,2024,2024,2024,2024,2024,2024,2024,2024,2024,2024,2024,2024,2024,2024,2024,2024,2024,2024,2024,2024,2024,2024,2024,2024,2024,2024,2024,2024,2024,2024,2024,2024,2024,2024,2024,2024,2024,2024,2024,2024,2024,2024,2024,2024,2024,2024,2024,2024,2024,2024,2024,2024,2024
2024,2024,2024,2024,2024,2024,2024,2024,2024,2024,2024,2024,2024,2024,2024,2024,2024,2024,2024,2024,2024,2024,2024,2024,2024,2024,2024,2024,2024,2024,2024,2024,2024,2024,2024,2024,2024,2024,2024,2024,2024,2024,2024,2024,2024,2024,2024,2024,2024,2024,2024,2024,2024,2024,2024,2024,2024,2024,2024,2024,2024,2024,2024,2024,2024,2024,2024,2024,2024,2024,2024,2024,2024,2024,2024,2024,2024,2024,2024,2024,2024,2024,2024,2024,2024,2024,2024,2024,2024,2024,2024,2024,2024,2024,2024,2024,2024,2024,2024,2024,2024,2024,2024,2024,2024,2024,2024,2024,2024,2024,2024,2024,2024,2024,2024,2024,2024,2024,2024,2024,2024,2024,2024,2024,2024,2024,2024,2024,2024,2024,2024,2024,2024,2024,2024,2024,2024,2024,2024,2024,2024,2024,2024,2024,2024,2024,2024,2024,2024,2024,2024,2024,2024,2024,2024,2024,2024,2024,2024,2024,2024,2024,2024,2024,2024,2024,2024,2024,2024,2024,2024,2024,2024,2024,2024,2024,2024,2024,2024,2024,2024,2024,2024,2024,2024,2024,2024,2024,2024,2024,2024,2024,2024,2024,2024,2024,2024,2024,2024,2024
2024,2024,2024,2024,2024,2024,2024,2024,2024,2024,2024,2024,2024,2024,2024,2024,2024,2024,2024,2024,2024,2024,2024,2024,2024,2024,2024,2024,2024,2024,2024,2024,2024,2024,2024,2024,2024,2024,2024,2024,2024,2024,2024,2024,2024,2024,2024,2024,2024,2024,2024,2024,2024,2024,2024,2024,2024,2024,2024,2024,2024,2024,2024,2024,2024,2024,2024,2024,2024,2024,2024,2024,2024,2024,2024,2024,2024,2024,2024,2024,2024,2024,2024,2024,2024,2024,2024,2024,2024,2024,2024,2024,2024,2024,2024,2024,2024,2024,2024,2024,2024,2024,2024,2024,2024,2024,2024,2024,2024,2024,2024,2024,2024,2024,2024,2024,2024,2024,2024,2024,2024,2024,2024,2024,2024,2024,2024,2024,2024,2024,2024,2024,2024,2024,2024,2024,2024,2024,2024,2024,2024,2024,2024,2024,2024,2024,2024,2024,2024,2024,2024,2024,2024,2024,2024,2024,2024,2024,2024,2024,2024,2024,2024,2024,2024,2024,2024,2024,2024,2024,2024,2024,2024,2024,2024,2024,2024,2024,2024,2024,2024,2024,2024,2024,2024,2024,2024,2024,2024,2024,2024,2024,2024,2024,2024,2024,2024,2024,2024,2024
2024,2024,2024,2024,2024,2024,2024,2024,2024,2024,2024,2024,2024,2024,2024,2024,2024,2024,2024,2024,2024,2024,2024,2024,2024,2024,2024,2024,2024,2024,2024,2024,2024,2024,2024,2024,2024,2024,2024,2024,2024,2024,2024,2024,2024,2024,2024,2024,2024,2024,2024,2024,2024,2024,2024,2024,2024,2024,2024,2024,2024,2024,2024,2024,2024,2024,2024,2024,2024,2024,2024,2024,2024,2024,2024,2024,2024,2024,2024,2024,2024,2024,2024,2024,2024,2024,2024,2024,2024,2024,2024,2024,2024,2024,2024,2024,2024,2024,2024,2024,2024,2024,2024,2024,2024,2024,2024,2024,2024,2024,2024,2024,2024,2024,2024,2024,2024,2024,2024,2024,2024,2024,2024,2024,2024,2024,2024,2024,2024,2024,2024,2024,2024,2024,2024,2024,2024,2024,2024,2024,2024,2024,2024,2024,2024,2024,2024,2024,2024,2024,2024,2024,2024,2024,2024,2024,2024,2024,2024,2024,2024,2024,2024,2024,2024,2024,2024,2024,2024,2024,2024,2024,2024,2024,2024,2024,2024,2024,2024,2024,2024,2024,2024,2024,2024,2024,2024,2024,2024,2024,2024,2024,2024,2024,2024,2024,2024,2024,2024,2024
